city,latitude,longitude,timestamp,aqi,pm2_5,pm10,no2,o3,co,so2,nh3,aqi_category,cluster_id,new_category,bmkg_normalized
Jakarta,-6.2088,106.8456,2026-04-04T08:05:33.851892,2,13.04,15.01,1.6,54.88,203.42,0.67,1.86,Baik,1,Baru_Baik,Baru_Baik
Surabaya,-7.2575,112.7521,2026-04-04T08:05:34.040681,2,13.23,16.02,2.54,61.74,268.89,1.07,1.33,Baik,1,Baru_Baik,Baru_Baik
Bandung,-6.9175,107.6191,2026-04-04T08:05:34.229372,1,5.41,6.65,0.62,44.16,154.4,0.25,0.41,Baik,1,Baru_Baik,Baru_Baik
Medan,3.5952,98.6722,2026-04-04T08:05:34.409311,1,0.5,0.74,0.13,10.86,96.39,0.02,0.56,Baik,1,Baru_Baik,Baru_Baik
Semarang,-6.9932,110.4203,2026-04-04T08:05:34.589814,2,11.64,13.64,2.45,57.23,303.37,2.13,0.7,Baik,1,Baru_Baik,Baru_Baik
Makassar,-5.1477,119.4327,2026-04-04T08:05:34.777001,1,1.84,3.16,0.12,37.29,86.32,0.11,0.08,Baik,1,Baru_Baik,Baru_Baik
Palembang,-2.9761,104.7754,2026-04-04T08:05:34.963419,1,5.32,5.75,0.46,46.62,251.49,0.16,0.16,Baik,1,Baru_Baik,Baru_Baik
Tangerang,-6.1702,106.6402,2026-04-04T08:05:35.141968,2,18.13,20.18,1.75,65.69,258.76,0.84,1.81,Sedang,1,Baru_Baik,Baru_Sedang
Depok,-6.4025,106.7942,2026-04-04T08:05:35.320547,1,8.56,9.87,0.69,42.06,139.2,0.34,0.68,Baik,1,Baru_Baik,Baru_Baik
Bekasi,-6.2383,106.9756,2026-04-04T08:05:35.511444,2,13.04,15.01,1.6,54.88,203.42,0.67,1.86,Baik,1,Baru_Baik,Baru_Baik
Jakarta,-6.2088,106.8456,2026-04-04T08:18:42.293629,2,13.04,15.01,1.6,54.88,203.42,0.67,1.86,Baik,1,Baru_Baik,Baru_Baik
Surabaya,-7.2575,112.7521,2026-04-04T08:18:42.475252,2,13.23,16.02,2.54,61.74,268.89,1.07,1.33,Baik,1,Baru_Baik,Baru_Baik
Bandung,-6.9175,107.6191,2026-04-04T08:18:42.654051,1,5.41,6.65,0.62,44.16,154.4,0.25,0.41,Baik,1,Baru_Baik,Baru_Baik
Medan,3.5952,98.6722,2026-04-04T08:18:42.835555,1,0.5,0.74,0.13,10.86,96.39,0.02,0.56,Baik,1,Baru_Baik,Baru_Baik
Semarang,-6.9932,110.4203,2026-04-04T08:18:43.013035,2,11.64,13.64,2.45,57.23,303.37,2.13,0.7,Baik,1,Baru_Baik,Baru_Baik
Makassar,-5.1477,119.4327,2026-04-04T08:18:43.192550,1,1.84,3.16,0.12,37.29,86.32,0.11,0.08,Baik,1,Baru_Baik,Baru_Baik
Palembang,-2.9761,104.7754,2026-04-04T08:18:43.379997,1,5.32,5.75,0.46,46.62,251.49,0.16,0.16,Baik,1,Baru_Baik,Baru_Baik
Tangerang,-6.1702,106.6402,2026-04-04T08:18:43.572964,2,18.13,20.18,1.75,65.69,258.76,0.84,1.81,Sedang,1,Baru_Baik,Baru_Sedang
Depok,-6.4025,106.7942,2026-04-04T08:18:43.751695,1,8.56,9.87,0.69,42.06,139.2,0.34,0.68,Baik,1,Baru_Baik,Baru_Baik
Bekasi,-6.2383,106.9756,2026-04-04T08:18:43.933101,2,13.04,15.01,1.6,54.88,203.42,0.67,1.86,Baik,1,Baru_Baik,Baru_Baik
Jakarta,-6.2088,106.8456,2026-04-04T08:29:42.646380,1,13.04,15.01,1.6,54.88,203.42,0.67,1.86,Baik,1,Baru_Baik,Baru_Baik
Surabaya,-7.2575,112.7521,2026-04-04T08:29:42.826158,1,13.23,16.02,2.54,61.74,268.89,1.07,1.33,Baik,1,Baru_Baik,Baru_Baik
Bandung,-6.9175,107.6191,2026-04-04T08:29:43.004452,1,5.41,6.65,0.62,44.16,154.4,0.25,0.41,Baik,1,Baru_Baik,Baru_Baik
Medan,3.5952,98.6722,2026-04-04T08:29:43.199721,1,0.5,0.74,0.13,10.86,96.39,0.02,0.56,Baik,1,Baru_Baik,Baru_Baik
Semarang,-6.9932,110.4203,2026-04-04T08:29:43.380999,1,11.64,13.64,2.45,57.23,303.37,2.13,0.7,Baik,1,Baru_Baik,Baru_Baik
Makassar,-5.1477,119.4327,2026-04-04T08:29:43.564085,1,1.84,3.16,0.12,37.29,86.32,0.11,0.08,Baik,1,Baru_Baik,Baru_Baik
Palembang,-2.9761,104.7754,2026-04-04T08:29:43.753977,1,5.32,5.75,0.46,46.62,251.49,0.16,0.16,Baik,1,Baru_Baik,Baru_Baik
Tangerang,-6.1702,106.6402,2026-04-04T08:29:43.941082,2,18.13,20.18,1.75,65.69,258.76,0.84,1.81,Sedang,1,Baru_Baik,Baru_Sedang
Depok,-6.4025,106.7942,2026-04-04T08:29:44.125487,1,8.56,9.87,0.69,42.06,139.2,0.34,0.68,Baik,1,Baru_Baik,Baru_Baik
Bekasi,-6.2383,106.9756,2026-04-04T08:29:44.305996,1,13.04,15.01,1.6,54.88,203.42,0.67,1.86,Baik,1,Baru_Baik,Baru_Baik
Jakarta,-6.2088,106.8456,2026-04-04T08:40:21.079210,1,12.32,14.46,1.88,52.02,203.26,0.73,2.08,Baik,1,Baru_Baik,Baru_Baik
Surabaya,-7.2575,112.7521,2026-04-04T08:40:21.275902,1,10.66,12.76,2.43,55.2,241.14,0.93,1.05,Baik,1,Baru_Baik,Baru_Baik
Bandung,-6.9175,107.6191,2026-04-04T08:40:21.469479,1,6.01,7.31,0.76,46.75,170.0,0.27,0.42,Baik,1,Baru_Baik,Baru_Baik
Medan,3.5952,98.6722,2026-04-04T08:40:21.658255,1,0.5,0.75,0.13,10.2,95.86,0.02,0.58,Baik,1,Baru_Baik,Baru_Baik
Semarang,-6.9932,110.4203,2026-04-04T08:40:21.846144,1,11.16,13.43,2.89,54.4,304.19,2.29,0.94,Baik,1,Baru_Baik,Baru_Baik
Makassar,-5.1477,119.4327,2026-04-04T08:40:22.037406,1,1.9,3.2,0.14,38.06,87.16,0.11,0.08,Baik,1,Baru_Baik,Baru_Baik
Palembang,-2.9761,104.7754,2026-04-04T08:40:22.215314,1,5.55,6.02,0.52,44.8,251.93,0.17,0.18,Baik,1,Baru_Baik,Baru_Baik
Tangerang,-6.1702,106.6402,2026-04-04T08:40:22.404709,2,16.88,19.04,2.03,62.3,251.94,0.87,2.04,Sedang,1,Baru_Baik,Baru_Sedang
Depok,-6.4025,106.7942,2026-04-04T08:40:22.595985,1,8.07,9.44,0.78,40.47,134.75,0.35,0.75,Baik,1,Baru_Baik,Baru_Baik
Bekasi,-6.2383,106.9756,2026-04-04T08:40:22.776585,1,12.32,14.46,1.88,52.02,203.26,0.73,2.08,Baik,1,Baru_Baik,Baru_Baik
Jakarta,-6.2088,106.8456,2026-04-04T08:51:23.120989,1,12.32,14.46,1.88,52.02,203.26,0.73,2.08,Baik,1,Baru_Baik,Baru_Baik
Surabaya,-7.2575,112.7521,2026-04-04T08:51:23.302753,1,10.66,12.76,2.43,55.2,241.14,0.93,1.05,Baik,1,Baru_Baik,Baru_Baik
Bandung,-6.9175,107.6191,2026-04-04T08:51:23.501055,1,6.01,7.31,0.76,46.75,170.0,0.27,0.42,Baik,1,Baru_Baik,Baru_Baik
Medan,3.5952,98.6722,2026-04-04T08:51:23.681327,1,0.5,0.75,0.13,10.2,95.86,0.02,0.58,Baik,1,Baru_Baik,Baru_Baik
Semarang,-6.9932,110.4203,2026-04-04T08:51:23.875576,1,11.16,13.43,2.89,54.4,304.19,2.29,0.94,Baik,1,Baru_Baik,Baru_Baik
Makassar,-5.1477,119.4327,2026-04-04T08:51:24.064616,1,1.9,3.2,0.14,38.06,87.16,0.11,0.08,Baik,1,Baru_Baik,Baru_Baik
Palembang,-2.9761,104.7754,2026-04-04T08:51:24.269357,1,5.55,6.02,0.52,44.8,251.93,0.17,0.18,Baik,1,Baru_Baik,Baru_Baik
Tangerang,-6.1702,106.6402,2026-04-04T08:51:24.471334,2,16.88,19.04,2.03,62.3,251.94,0.87,2.04,Sedang,1,Baru_Baik,Baru_Sedang
Depok,-6.4025,106.7942,2026-04-04T08:51:24.651642,1,8.07,9.44,0.78,40.47,134.75,0.35,0.75,Baik,1,Baru_Baik,Baru_Baik
Bekasi,-6.2383,106.9756,2026-04-04T08:51:24.838697,1,12.32,14.46,1.88,52.02,203.26,0.73,2.08,Baik,1,Baru_Baik,Baru_Baik
Jakarta,-6.2088,106.8456,2026-04-04T08:51:27.543264,1,12.32,14.46,1.88,52.02,203.26,0.73,2.08,Baik,1,Baru_Baik,Baru_Baik
Surabaya,-7.2575,112.7521,2026-04-04T08:51:27.550670,1,10.66,12.76,2.43,55.2,241.14,0.93,1.05,Baik,1,Baru_Baik,Baru_Baik
Bandung,-6.9175,107.6191,2026-04-04T08:51:27.557027,1,6.01,7.31,0.76,46.75,170.0,0.27,0.42,Baik,1,Baru_Baik,Baru_Baik
Medan,3.5952,98.6722,2026-04-04T08:51:27.564347,1,0.5,0.75,0.13,10.2,95.86,0.02,0.58,Baik,1,Baru_Baik,Baru_Baik
Semarang,-6.9932,110.4203,2026-04-04T08:51:27.572089,1,11.16,13.43,2.89,54.4,304.19,2.29,0.94,Baik,1,Baru_Baik,Baru_Baik
Makassar,-5.1477,119.4327,2026-04-04T08:51:27.584752,1,1.9,3.2,0.14,38.06,87.16,0.11,0.08,Baik,1,Baru_Baik,Baru_Baik
Palembang,-2.9761,104.7754,2026-04-04T08:51:27.592484,1,5.55,6.02,0.52,44.8,251.93,0.17,0.18,Baik,1,Baru_Baik,Baru_Baik
Tangerang,-6.1702,106.6402,2026-04-04T08:51:27.600347,2,16.88,19.04,2.03,62.3,251.94,0.87,2.04,Sedang,1,Baru_Baik,Baru_Sedang
Depok,-6.4025,106.7942,2026-04-04T08:51:27.607428,1,8.07,9.44,0.78,40.47,134.75,0.35,0.75,Baik,1,Baru_Baik,Baru_Baik
Bekasi,-6.2383,106.9756,2026-04-04T08:51:27.617224,1,12.32,14.46,1.88,52.02,203.26,0.73,2.08,Baik,1,Baru_Baik,Baru_Baik
Jakarta,-6.2088,106.8456,2026-04-04T08:51:30.331737,1,12.32,14.46,1.88,52.02,203.26,0.73,2.08,Baik,1,Baru_Baik,Baru_Baik
Surabaya,-7.2575,112.7521,2026-04-04T08:51:30.339229,1,10.66,12.76,2.43,55.2,241.14,0.93,1.05,Baik,1,Baru_Baik,Baru_Baik
Bandung,-6.9175,107.6191,2026-04-04T08:51:30.346342,1,6.01,7.31,0.76,46.75,170.0,0.27,0.42,Baik,1,Baru_Baik,Baru_Baik
Medan,3.5952,98.6722,2026-04-04T08:51:30.354028,1,0.5,0.75,0.13,10.2,95.86,0.02,0.58,Baik,1,Baru_Baik,Baru_Baik
Semarang,-6.9932,110.4203,2026-04-04T08:51:30.361563,1,11.16,13.43,2.89,54.4,304.19,2.29,0.94,Baik,1,Baru_Baik,Baru_Baik
Makassar,-5.1477,119.4327,2026-04-04T08:51:30.369565,1,1.9,3.2,0.14,38.06,87.16,0.11,0.08,Baik,1,Baru_Baik,Baru_Baik
Palembang,-2.9761,104.7754,2026-04-04T08:51:30.377595,1,5.55,6.02,0.52,44.8,251.93,0.17,0.18,Baik,1,Baru_Baik,Baru_Baik
Tangerang,-6.1702,106.6402,2026-04-04T08:51:30.386685,2,16.88,19.04,2.03,62.3,251.94,0.87,2.04,Sedang,1,Baru_Baik,Baru_Sedang
Depok,-6.4025,106.7942,2026-04-04T08:51:30.395583,1,8.07,9.44,0.78,40.47,134.75,0.35,0.75,Baik,1,Baru_Baik,Baru_Baik
Bekasi,-6.2383,106.9756,2026-04-04T08:51:30.404663,1,12.32,14.46,1.88,52.02,203.26,0.73,2.08,Baik,1,Baru_Baik,Baru_Baik
Jakarta,-6.2088,106.8456,2026-04-04T08:51:33.240366,1,12.32,14.46,1.88,52.02,203.26,0.73,2.08,Baik,1,Baru_Baik,Baru_Baik
Surabaya,-7.2575,112.7521,2026-04-04T08:51:33.247816,1,10.66,12.76,2.43,55.2,241.14,0.93,1.05,Baik,1,Baru_Baik,Baru_Baik
Bandung,-6.9175,107.6191,2026-04-04T08:51:33.254300,1,6.01,7.31,0.76,46.75,170.0,0.27,0.42,Baik,1,Baru_Baik,Baru_Baik
Medan,3.5952,98.6722,2026-04-04T08:51:33.262363,1,0.5,0.75,0.13,10.2,95.86,0.02,0.58,Baik,1,Baru_Baik,Baru_Baik
Semarang,-6.9932,110.4203,2026-04-04T08:51:33.269572,1,11.16,13.43,2.89,54.4,304.19,2.29,0.94,Baik,1,Baru_Baik,Baru_Baik
Makassar,-5.1477,119.4327,2026-04-04T08:51:33.279250,1,1.9,3.2,0.14,38.06,87.16,0.11,0.08,Baik,1,Baru_Baik,Baru_Baik
Palembang,-2.9761,104.7754,2026-04-04T08:51:33.288388,1,5.55,6.02,0.52,44.8,251.93,0.17,0.18,Baik,1,Baru_Baik,Baru_Baik
Tangerang,-6.1702,106.6402,2026-04-04T08:51:33.295923,2,16.88,19.04,2.03,62.3,251.94,0.87,2.04,Sedang,1,Baru_Baik,Baru_Sedang
Depok,-6.4025,106.7942,2026-04-04T08:51:33.303345,1,8.07,9.44,0.78,40.47,134.75,0.35,0.75,Baik,1,Baru_Baik,Baru_Baik
Bekasi,-6.2383,106.9756,2026-04-04T08:51:33.311068,1,12.32,14.46,1.88,52.02,203.26,0.73,2.08,Baik,1,Baru_Baik,Baru_Baik
Jakarta,-6.2088,106.8456,2026-04-04T08:51:36.060368,1,12.32,14.46,1.88,52.02,203.26,0.73,2.08,Baik,1,Baru_Baik,Baru_Baik
Surabaya,-7.2575,112.7521,2026-04-04T08:51:36.069333,1,10.66,12.76,2.43,55.2,241.14,0.93,1.05,Baik,1,Baru_Baik,Baru_Baik
Bandung,-6.9175,107.6191,2026-04-04T08:51:36.076974,1,6.01,7.31,0.76,46.75,170.0,0.27,0.42,Baik,1,Baru_Baik,Baru_Baik
Medan,3.5952,98.6722,2026-04-04T08:51:36.086049,1,0.5,0.75,0.13,10.2,95.86,0.02,0.58,Baik,1,Baru_Baik,Baru_Baik
Semarang,-6.9932,110.4203,2026-04-04T08:51:36.093991,1,11.16,13.43,2.89,54.4,304.19,2.29,0.94,Baik,1,Baru_Baik,Baru_Baik
Makassar,-5.1477,119.4327,2026-04-04T08:51:36.101509,1,1.9,3.2,0.14,38.06,87.16,0.11,0.08,Baik,1,Baru_Baik,Baru_Baik
Palembang,-2.9761,104.7754,2026-04-04T08:51:36.108252,1,5.55,6.02,0.52,44.8,251.93,0.17,0.18,Baik,1,Baru_Baik,Baru_Baik
Tangerang,-6.1702,106.6402,2026-04-04T08:51:36.117238,2,16.88,19.04,2.03,62.3,251.94,0.87,2.04,Sedang,1,Baru_Baik,Baru_Sedang
Depok,-6.4025,106.7942,2026-04-04T08:51:36.123424,1,8.07,9.44,0.78,40.47,134.75,0.35,0.75,Baik,1,Baru_Baik,Baru_Baik
Bekasi,-6.2383,106.9756,2026-04-04T08:51:36.130734,1,12.32,14.46,1.88,52.02,203.26,0.73,2.08,Baik,1,Baru_Baik,Baru_Baik
Jakarta,-6.2088,106.8456,2026-04-04T08:51:38.832094,1,12.32,14.46,1.88,52.02,203.26,0.73,2.08,Baik,1,Baru_Baik,Baru_Baik
Surabaya,-7.2575,112.7521,2026-04-04T08:51:38.838814,1,10.66,12.76,2.43,55.2,241.14,0.93,1.05,Baik,1,Baru_Baik,Baru_Baik
Bandung,-6.9175,107.6191,2026-04-04T08:51:38.845703,1,6.01,7.31,0.76,46.75,170.0,0.27,0.42,Baik,1,Baru_Baik,Baru_Baik
Medan,3.5952,98.6722,2026-04-04T08:51:38.852507,1,0.5,0.75,0.13,10.2,95.86,0.02,0.58,Baik,1,Baru_Baik,Baru_Baik
Semarang,-6.9932,110.4203,2026-04-04T08:51:38.858731,1,11.16,13.43,2.89,54.4,304.19,2.29,0.94,Baik,1,Baru_Baik,Baru_Baik
Makassar,-5.1477,119.4327,2026-04-04T08:51:38.866602,1,1.9,3.2,0.14,38.06,87.16,0.11,0.08,Baik,1,Baru_Baik,Baru_Baik
Palembang,-2.9761,104.7754,2026-04-04T08:51:38.873083,1,5.55,6.02,0.52,44.8,251.93,0.17,0.18,Baik,1,Baru_Baik,Baru_Baik
Tangerang,-6.1702,106.6402,2026-04-04T08:51:38.881561,2,16.88,19.04,2.03,62.3,251.94,0.87,2.04,Sedang,1,Baru_Baik,Baru_Sedang
Depok,-6.4025,106.7942,2026-04-04T08:51:38.888297,1,8.07,9.44,0.78,40.47,134.75,0.35,0.75,Baik,1,Baru_Baik,Baru_Baik
Bekasi,-6.2383,106.9756,2026-04-04T08:51:38.898487,1,12.32,14.46,1.88,52.02,203.26,0.73,2.08,Baik,1,Baru_Baik,Baru_Baik
Jakarta,-6.2088,106.8456,2026-04-04T08:51:41.564452,1,12.32,14.46,1.88,52.02,203.26,0.73,2.08,Baik,1,Baru_Baik,Baru_Baik
Surabaya,-7.2575,112.7521,2026-04-04T08:51:41.572357,1,10.66,12.76,2.43,55.2,241.14,0.93,1.05,Baik,1,Baru_Baik,Baru_Baik
Bandung,-6.9175,107.6191,2026-04-04T08:51:41.580340,1,6.01,7.31,0.76,46.75,170.0,0.27,0.42,Baik,1,Baru_Baik,Baru_Baik
Medan,3.5952,98.6722,2026-04-04T08:51:41.589579,1,0.5,0.75,0.13,10.2,95.86,0.02,0.58,Baik,1,Baru_Baik,Baru_Baik
Semarang,-6.9932,110.4203,2026-04-04T08:51:41.596932,1,11.16,13.43,2.89,54.4,304.19,2.29,0.94,Baik,1,Baru_Baik,Baru_Baik
Makassar,-5.1477,119.4327,2026-04-04T08:51:41.603721,1,1.9,3.2,0.14,38.06,87.16,0.11,0.08,Baik,1,Baru_Baik,Baru_Baik
Palembang,-2.9761,104.7754,2026-04-04T08:51:41.611491,1,5.55,6.02,0.52,44.8,251.93,0.17,0.18,Baik,1,Baru_Baik,Baru_Baik
Tangerang,-6.1702,106.6402,2026-04-04T08:51:41.619465,2,16.88,19.04,2.03,62.3,251.94,0.87,2.04,Sedang,1,Baru_Baik,Baru_Sedang
Depok,-6.4025,106.7942,2026-04-04T08:51:41.627079,1,8.07,9.44,0.78,40.47,134.75,0.35,0.75,Baik,1,Baru_Baik,Baru_Baik
Bekasi,-6.2383,106.9756,2026-04-04T08:51:41.634043,1,12.32,14.46,1.88,52.02,203.26,0.73,2.08,Baik,1,Baru_Baik,Baru_Baik
Jakarta,-6.2088,106.8456,2026-04-04T08:51:44.356478,1,12.32,14.46,1.88,52.02,203.26,0.73,2.08,Baik,1,Baru_Baik,Baru_Baik
Surabaya,-7.2575,112.7521,2026-04-04T08:51:44.367701,1,10.66,12.76,2.43,55.2,241.14,0.93,1.05,Baik,1,Baru_Baik,Baru_Baik
Bandung,-6.9175,107.6191,2026-04-04T08:51:44.377344,1,6.01,7.31,0.76,46.75,170.0,0.27,0.42,Baik,1,Baru_Baik,Baru_Baik
Medan,3.5952,98.6722,2026-04-04T08:51:44.392630,1,0.5,0.75,0.13,10.2,95.86,0.02,0.58,Baik,1,Baru_Baik,Baru_Baik
Semarang,-6.9932,110.4203,2026-04-04T08:51:44.404380,1,11.16,13.43,2.89,54.4,304.19,2.29,0.94,Baik,1,Baru_Baik,Baru_Baik
Makassar,-5.1477,119.4327,2026-04-04T08:51:44.413750,1,1.9,3.2,0.14,38.06,87.16,0.11,0.08,Baik,1,Baru_Baik,Baru_Baik
Palembang,-2.9761,104.7754,2026-04-04T08:51:44.421896,1,5.55,6.02,0.52,44.8,251.93,0.17,0.18,Baik,1,Baru_Baik,Baru_Baik
Tangerang,-6.1702,106.6402,2026-04-04T08:51:44.431697,2,16.88,19.04,2.03,62.3,251.94,0.87,2.04,Sedang,1,Baru_Baik,Baru_Sedang
Depok,-6.4025,106.7942,2026-04-04T08:51:44.439400,1,8.07,9.44,0.78,40.47,134.75,0.35,0.75,Baik,1,Baru_Baik,Baru_Baik
Bekasi,-6.2383,106.9756,2026-04-04T08:51:44.447309,1,12.32,14.46,1.88,52.02,203.26,0.73,2.08,Baik,1,Baru_Baik,Baru_Baik
Jakarta,-6.2088,106.8456,2026-04-04T08:51:47.115015,1,12.32,14.46,1.88,52.02,203.26,0.73,2.08,Baik,1,Baru_Baik,Baru_Baik
Surabaya,-7.2575,112.7521,2026-04-04T08:51:47.122392,1,10.66,12.76,2.43,55.2,241.14,0.93,1.05,Baik,1,Baru_Baik,Baru_Baik
Bandung,-6.9175,107.6191,2026-04-04T08:51:47.131248,1,6.01,7.31,0.76,46.75,170.0,0.27,0.42,Baik,1,Baru_Baik,Baru_Baik
Medan,3.5952,98.6722,2026-04-04T08:51:47.138423,1,0.5,0.75,0.13,10.2,95.86,0.02,0.58,Baik,1,Baru_Baik,Baru_Baik
Semarang,-6.9932,110.4203,2026-04-04T08:51:47.144787,1,11.16,13.43,2.89,54.4,304.19,2.29,0.94,Baik,1,Baru_Baik,Baru_Baik
Makassar,-5.1477,119.4327,2026-04-04T08:51:47.152910,1,1.9,3.2,0.14,38.06,87.16,0.11,0.08,Baik,1,Baru_Baik,Baru_Baik
Palembang,-2.9761,104.7754,2026-04-04T08:51:47.158712,1,5.55,6.02,0.52,44.8,251.93,0.17,0.18,Baik,1,Baru_Baik,Baru_Baik
Tangerang,-6.1702,106.6402,2026-04-04T08:51:47.165442,2,16.88,19.04,2.03,62.3,251.94,0.87,2.04,Sedang,1,Baru_Baik,Baru_Sedang
Depok,-6.4025,106.7942,2026-04-04T08:51:47.174622,1,8.07,9.44,0.78,40.47,134.75,0.35,0.75,Baik,1,Baru_Baik,Baru_Baik
Bekasi,-6.2383,106.9756,2026-04-04T08:51:47.182283,1,12.32,14.46,1.88,52.02,203.26,0.73,2.08,Baik,1,Baru_Baik,Baru_Baik
Jakarta,-6.2088,106.8456,2026-04-04T08:51:49.869644,1,12.32,14.46,1.88,52.02,203.26,0.73,2.08,Baik,1,Baru_Baik,Baru_Baik
Surabaya,-7.2575,112.7521,2026-04-04T08:51:49.882032,1,10.66,12.76,2.43,55.2,241.14,0.93,1.05,Baik,1,Baru_Baik,Baru_Baik
Bandung,-6.9175,107.6191,2026-04-04T08:51:49.889508,1,6.01,7.31,0.76,46.75,170.0,0.27,0.42,Baik,1,Baru_Baik,Baru_Baik
Medan,3.5952,98.6722,2026-04-04T08:51:49.898961,1,0.5,0.75,0.13,10.2,95.86,0.02,0.58,Baik,1,Baru_Baik,Baru_Baik
Semarang,-6.9932,110.4203,2026-04-04T08:51:49.915412,1,11.16,13.43,2.89,54.4,304.19,2.29,0.94,Baik,1,Baru_Baik,Baru_Baik
Makassar,-5.1477,119.4327,2026-04-04T08:51:49.928113,1,1.9,3.2,0.14,38.06,87.16,0.11,0.08,Baik,1,Baru_Baik,Baru_Baik
Palembang,-2.9761,104.7754,2026-04-04T08:51:49.938356,1,5.55,6.02,0.52,44.8,251.93,0.17,0.18,Baik,1,Baru_Baik,Baru_Baik
Tangerang,-6.1702,106.6402,2026-04-04T08:51:49.946246,2,16.88,19.04,2.03,62.3,251.94,0.87,2.04,Sedang,1,Baru_Baik,Baru_Sedang
Depok,-6.4025,106.7942,2026-04-04T08:51:49.954718,1,8.07,9.44,0.78,40.47,134.75,0.35,0.75,Baik,1,Baru_Baik,Baru_Baik
Bekasi,-6.2383,106.9756,2026-04-04T08:51:49.961842,1,12.32,14.46,1.88,52.02,203.26,0.73,2.08,Baik,1,Baru_Baik,Baru_Baik
Jakarta,-6.2088,106.8456,2026-04-20T10:02:36.137002,1,9.9,15.24,1.96,48.85,169.1,0.96,0.98,Baik,1,Baru_Baik,Baru_Baik
Surabaya,-7.2575,112.7521,2026-04-20T10:02:36.333247,1,7.57,11.43,1.77,47.6,194.85,0.69,1.27,Baik,1,Baru_Baik,Baru_Baik
Bandung,-6.9175,107.6191,2026-04-20T10:02:36.521572,1,6.28,12.66,0.27,47.86,86.08,0.42,0.37,Baik,1,Baru_Baik,Baru_Baik
Medan,3.5952,98.6722,2026-04-20T10:02:36.716218,1,1.87,2.66,0.32,11.78,130.1,0.07,1.43,Baik,1,Baru_Baik,Baru_Baik
Semarang,-6.9932,110.4203,2026-04-20T10:02:36.909628,1,7.97,13.58,1.4,47.0,138.95,1.37,1.24,Baik,1,Baru_Baik,Baru_Baik
Makassar,-5.1477,119.4327,2026-04-20T10:02:37.100271,1,3.92,6.08,0.25,41.32,100.88,0.11,0.06,Baik,1,Baru_Baik,Baru_Baik
Palembang,-2.9761,104.7754,2026-04-20T10:02:37.297759,1,2.97,3.75,0.84,26.39,194.74,0.34,0.34,Baik,1,Baru_Baik,Baru_Baik
Tangerang,-6.1702,106.6402,2026-04-20T10:02:37.492587,1,10.42,14.74,2.03,51.45,175.84,1.0,1.06,Baik,1,Baru_Baik,Baru_Baik
Depok,-6.4025,106.7942,2026-04-20T10:02:37.679769,1,6.87,13.84,0.72,46.07,106.72,0.42,0.42,Baik,1,Baru_Baik,Baru_Baik
Bekasi,-6.2383,106.9756,2026-04-20T10:02:37.867705,1,9.9,15.24,1.96,48.85,169.1,0.96,0.98,Baik,1,Baru_Baik,Baru_Baik
Jakarta,-6.2088,106.8456,2026-04-20T10:04:45.549585,1,9.9,15.24,1.96,48.85,169.1,0.96,0.98,Baik,1,Baru_Baik,Baru_Baik
Surabaya,-7.2575,112.7521,2026-04-20T10:04:45.557167,1,7.57,11.43,1.77,47.6,194.85,0.69,1.27,Baik,1,Baru_Baik,Baru_Baik
Bandung,-6.9175,107.6191,2026-04-20T10:04:45.565223,1,6.28,12.66,0.27,47.86,86.08,0.42,0.37,Baik,1,Baru_Baik,Baru_Baik
Medan,3.5952,98.6722,2026-04-20T10:04:45.571738,1,1.87,2.66,0.32,11.78,130.1,0.07,1.43,Baik,1,Baru_Baik,Baru_Baik
Semarang,-6.9932,110.4203,2026-04-20T10:04:45.577728,1,7.97,13.58,1.4,47.0,138.95,1.37,1.24,Baik,1,Baru_Baik,Baru_Baik
Makassar,-5.1477,119.4327,2026-04-20T10:04:45.584993,1,3.92,6.08,0.25,41.32,100.88,0.11,0.06,Baik,1,Baru_Baik,Baru_Baik
Palembang,-2.9761,104.7754,2026-04-20T10:04:45.592713,1,2.97,3.75,0.84,26.39,194.74,0.34,0.34,Baik,1,Baru_Baik,Baru_Baik
Tangerang,-6.1702,106.6402,2026-04-20T10:04:45.602473,1,10.42,14.74,2.03,51.45,175.84,1.0,1.06,Baik,1,Baru_Baik,Baru_Baik
Depok,-6.4025,106.7942,2026-04-20T10:04:45.608961,1,6.87,13.84,0.72,46.07,106.72,0.42,0.42,Baik,1,Baru_Baik,Baru_Baik
Bekasi,-6.2383,106.9756,2026-04-20T10:04:45.617132,1,9.9,15.24,1.96,48.85,169.1,0.96,0.98,Baik,1,Baru_Baik,Baru_Baik
Jakarta,-6.2088,106.8456,2026-04-20T10:04:48.749012,1,9.9,15.24,1.96,48.85,169.1,0.96,0.98,Baik,1,Baru_Baik,Baru_Baik
Surabaya,-7.2575,112.7521,2026-04-20T10:04:48.760126,1,7.57,11.43,1.77,47.6,194.85,0.69,1.27,Baik,1,Baru_Baik,Baru_Baik
Bandung,-6.9175,107.6191,2026-04-20T10:04:48.767448,1,6.28,12.66,0.27,47.86,86.08,0.42,0.37,Baik,1,Baru_Baik,Baru_Baik
Medan,3.5952,98.6722,2026-04-20T10:04:48.778399,1,1.87,2.66,0.32,11.78,130.1,0.07,1.43,Baik,1,Baru_Baik,Baru_Baik
Semarang,-6.9932,110.4203,2026-04-20T10:04:48.788281,1,7.97,13.58,1.4,47.0,138.95,1.37,1.24,Baik,1,Baru_Baik,Baru_Baik
Makassar,-5.1477,119.4327,2026-04-20T10:04:48.794932,1,3.92,6.08,0.25,41.32,100.88,0.11,0.06,Baik,1,Baru_Baik,Baru_Baik
Palembang,-2.9761,104.7754,2026-04-20T10:04:48.809912,1,2.97,3.75,0.84,26.39,194.74,0.34,0.34,Baik,1,Baru_Baik,Baru_Baik
Tangerang,-6.1702,106.6402,2026-04-20T10:04:48.824626,1,10.42,14.74,2.03,51.45,175.84,1.0,1.06,Baik,1,Baru_Baik,Baru_Baik
Depok,-6.4025,106.7942,2026-04-20T10:04:48.831022,1,6.87,13.84,0.72,46.07,106.72,0.42,0.42,Baik,1,Baru_Baik,Baru_Baik
Bekasi,-6.2383,106.9756,2026-04-20T10:04:48.839563,1,9.9,15.24,1.96,48.85,169.1,0.96,0.98,Baik,1,Baru_Baik,Baru_Baik
Jakarta,-6.2088,106.8456,2026-04-20T10:04:51.892628,1,9.9,15.24,1.96,48.85,169.1,0.96,0.98,Baik,1,Baru_Baik,Baru_Baik
Surabaya,-7.2575,112.7521,2026-04-20T10:04:51.901602,1,7.57,11.43,1.77,47.6,194.85,0.69,1.27,Baik,1,Baru_Baik,Baru_Baik
Bandung,-6.9175,107.6191,2026-04-20T10:04:51.907380,1,6.28,12.66,0.27,47.86,86.08,0.42,0.37,Baik,1,Baru_Baik,Baru_Baik
Medan,3.5952,98.6722,2026-04-20T10:04:51.916784,1,1.87,2.66,0.32,11.78,130.1,0.07,1.43,Baik,1,Baru_Baik,Baru_Baik
Semarang,-6.9932,110.4203,2026-04-20T10:04:51.930422,1,7.97,13.58,1.4,47.0,138.95,1.37,1.24,Baik,1,Baru_Baik,Baru_Baik
Makassar,-5.1477,119.4327,2026-04-20T10:04:51.943832,1,3.92,6.08,0.25,41.32,100.88,0.11,0.06,Baik,1,Baru_Baik,Baru_Baik
Palembang,-2.9761,104.7754,2026-04-20T10:04:51.960193,1,2.97,3.75,0.84,26.39,194.74,0.34,0.34,Baik,1,Baru_Baik,Baru_Baik
Tangerang,-6.1702,106.6402,2026-04-20T10:04:51.979653,1,10.42,14.74,2.03,51.45,175.84,1.0,1.06,Baik,1,Baru_Baik,Baru_Baik
Depok,-6.4025,106.7942,2026-04-20T10:04:51.989478,1,6.87,13.84,0.72,46.07,106.72,0.42,0.42,Baik,1,Baru_Baik,Baru_Baik
Bekasi,-6.2383,106.9756,2026-04-20T10:04:52.002533,1,9.9,15.24,1.96,48.85,169.1,0.96,0.98,Baik,1,Baru_Baik,Baru_Baik
Jakarta,-6.2088,106.8456,2026-04-23T10:32:46.916382,2,51.04,53.33,1.59,116.12,379.29,4.08,0.0,Sedang,3,Baru_Sedang,Baru_Sedang
Surabaya,-7.2575,112.7521,2026-04-23T10:32:47.096307,2,62.69,74.61,24.66,70.82,1026.47,6.99,3.84,Sedang,2,Baru_TidakSehat,Baru_Sedang
Bandung,-6.9175,107.6191,2026-04-23T10:32:47.277183,1,6.34,7.94,0.99,41.07,139.05,0.43,0.47,Baik,1,Baru_Baik,Baru_Baik
Medan,3.5952,98.6722,2026-04-23T10:32:47.457421,1,1.21,2.1,0.32,7.85,103.69,0.07,1.32,Baik,1,Baru_Baik,Baru_Baik
Semarang,-6.9932,110.4203,2026-04-23T10:32:47.638439,3,107.91,119.0,9.48,110.83,787.02,5.16,2.97,Tidak Sehat,0,Baru_Berbahaya,Baru_TidakSehat
Makassar,-5.1477,119.4327,2026-04-23T10:32:47.647776,1,10.57,11.75,0.51,62.63,179.46,0.2,0.14,Baik,1,Baru_Baik,Baru_Baik
Palembang,-2.9761,104.7754,2026-04-23T10:32:47.826489,1,7.34,9.27,2.28,17.87,246.78,0.54,0.53,Baik,1,Baru_Baik,Baru_Baik
Tangerang,-6.1702,106.6402,2026-04-23T10:32:48.005436,2,63.4,66.11,1.94,139.0,455.0,4.95,0.0,Sedang,3,Baru_Sedang,Baru_Sedang
Depok,-6.4025,106.7942,2026-04-23T10:32:48.183677,2,22.73,24.74,0.74,68.3,193.36,1.71,0.0,Sedang,1,Baru_Baik,Baru_Sedang
Bekasi,-6.2383,106.9756,2026-04-23T10:32:48.364087,2,51.04,53.33,1.59,116.12,379.29,4.08,0.0,Sedang,3,Baru_Sedang,Baru_Sedang
Jakarta,-6.2088,106.8456,2026-04-23T10:32:51.091219,2,51.04,53.33,1.59,116.12,379.29,4.08,0.0,Sedang,3,Baru_Sedang,Baru_Sedang
Surabaya,-7.2575,112.7521,2026-04-23T10:32:51.098984,2,62.69,74.61,24.66,70.82,1026.47,6.99,3.84,Sedang,2,Baru_TidakSehat,Baru_Sedang
Bandung,-6.9175,107.6191,2026-04-23T10:32:51.105520,1,6.34,7.94,0.99,41.07,139.05,0.43,0.47,Baik,1,Baru_Baik,Baru_Baik
Medan,3.5952,98.6722,2026-04-23T10:32:51.114726,1,1.21,2.1,0.32,7.85,103.69,0.07,1.32,Baik,1,Baru_Baik,Baru_Baik
Semarang,-6.9932,110.4203,2026-04-23T10:32:51.120398,3,107.91,119.0,9.48,110.83,787.02,5.16,2.97,Tidak Sehat,0,Baru_Berbahaya,Baru_TidakSehat
Makassar,-5.1477,119.4327,2026-04-23T10:32:51.125786,1,10.57,11.75,0.51,62.63,179.46,0.2,0.14,Baik,1,Baru_Baik,Baru_Baik
Palembang,-2.9761,104.7754,2026-04-23T10:32:51.131469,1,7.34,9.27,2.28,17.87,246.78,0.54,0.53,Baik,1,Baru_Baik,Baru_Baik
Tangerang,-6.1702,106.6402,2026-04-23T10:32:51.138228,2,63.4,66.11,1.94,139.0,455.0,4.95,0.0,Sedang,3,Baru_Sedang,Baru_Sedang
Depok,-6.4025,106.7942,2026-04-23T10:32:51.144613,2,22.73,24.74,0.74,68.3,193.36,1.71,0.0,Sedang,1,Baru_Baik,Baru_Sedang
Bekasi,-6.2383,106.9756,2026-04-23T10:32:51.151811,2,51.04,53.33,1.59,116.12,379.29,4.08,0.0,Sedang,3,Baru_Sedang,Baru_Sedang
Jakarta,-6.2088,106.8456,2026-04-23T10:32:53.669675,2,51.04,53.33,1.59,116.12,379.29,4.08,0.0,Sedang,3,Baru_Sedang,Baru_Sedang
Surabaya,-7.2575,112.7521,2026-04-23T10:32:53.677254,2,62.69,74.61,24.66,70.82,1026.47,6.99,3.84,Sedang,2,Baru_TidakSehat,Baru_Sedang
Bandung,-6.9175,107.6191,2026-04-23T10:32:53.684019,1,6.34,7.94,0.99,41.07,139.05,0.43,0.47,Baik,1,Baru_Baik,Baru_Baik
Medan,3.5952,98.6722,2026-04-23T10:32:53.691915,1,1.21,2.1,0.32,7.85,103.69,0.07,1.32,Baik,1,Baru_Baik,Baru_Baik
Semarang,-6.9932,110.4203,2026-04-23T10:32:53.699080,3,107.91,119.0,9.48,110.83,787.02,5.16,2.97,Tidak Sehat,0,Baru_Berbahaya,Baru_TidakSehat
Makassar,-5.1477,119.4327,2026-04-23T10:32:53.706599,1,10.57,11.75,0.51,62.63,179.46,0.2,0.14,Baik,1,Baru_Baik,Baru_Baik
Palembang,-2.9761,104.7754,2026-04-23T10:32:53.712875,1,7.34,9.27,2.28,17.87,246.78,0.54,0.53,Baik,1,Baru_Baik,Baru_Baik
Tangerang,-6.1702,106.6402,2026-04-23T10:32:53.720096,2,63.4,66.11,1.94,139.0,455.0,4.95,0.0,Sedang,3,Baru_Sedang,Baru_Sedang
Depok,-6.4025,106.7942,2026-04-23T10:32:53.728975,2,22.73,24.74,0.74,68.3,193.36,1.71,0.0,Sedang,1,Baru_Baik,Baru_Sedang
Bekasi,-6.2383,106.9756,2026-04-23T10:32:53.735119,2,51.04,53.33,1.59,116.12,379.29,4.08,0.0,Sedang,3,Baru_Sedang,Baru_Sedang
Jakarta,-6.2088,106.8456,2026-04-23T10:32:56.290778,2,51.04,53.33,1.59,116.12,379.29,4.08,0.0,Sedang,3,Baru_Sedang,Baru_Sedang
Surabaya,-7.2575,112.7521,2026-04-23T10:32:56.297683,2,62.69,74.61,24.66,70.82,1026.47,6.99,3.84,Sedang,2,Baru_TidakSehat,Baru_Sedang
Bandung,-6.9175,107.6191,2026-04-23T10:32:56.303222,1,6.34,7.94,0.99,41.07,139.05,0.43,0.47,Baik,1,Baru_Baik,Baru_Baik
Medan,3.5952,98.6722,2026-04-23T10:32:56.309759,1,1.21,2.1,0.32,7.85,103.69,0.07,1.32,Baik,1,Baru_Baik,Baru_Baik
Semarang,-6.9932,110.4203,2026-04-23T10:32:56.316279,3,107.91,119.0,9.48,110.83,787.02,5.16,2.97,Tidak Sehat,0,Baru_Berbahaya,Baru_TidakSehat
Makassar,-5.1477,119.4327,2026-04-23T10:32:56.323527,1,10.57,11.75,0.51,62.63,179.46,0.2,0.14,Baik,1,Baru_Baik,Baru_Baik
Palembang,-2.9761,104.7754,2026-04-23T10:32:56.330250,1,7.34,9.27,2.28,17.87,246.78,0.54,0.53,Baik,1,Baru_Baik,Baru_Baik
Tangerang,-6.1702,106.6402,2026-04-23T10:32:56.337648,2,63.4,66.11,1.94,139.0,455.0,4.95,0.0,Sedang,3,Baru_Sedang,Baru_Sedang
Depok,-6.4025,106.7942,2026-04-23T10:32:56.344461,2,22.73,24.74,0.74,68.3,193.36,1.71,0.0,Sedang,1,Baru_Baik,Baru_Sedang
Bekasi,-6.2383,106.9756,2026-04-23T10:32:56.350915,2,51.04,53.33,1.59,116.12,379.29,4.08,0.0,Sedang,3,Baru_Sedang,Baru_Sedang
Jakarta,-6.2088,106.8456,2026-04-23T10:32:58.870093,2,51.04,53.33,1.59,116.12,379.29,4.08,0.0,Sedang,3,Baru_Sedang,Baru_Sedang
Surabaya,-7.2575,112.7521,2026-04-23T10:32:58.878171,2,62.69,74.61,24.66,70.82,1026.47,6.99,3.84,Sedang,2,Baru_TidakSehat,Baru_Sedang
Bandung,-6.9175,107.6191,2026-04-23T10:32:58.884301,1,6.34,7.94,0.99,41.07,139.05,0.43,0.47,Baik,1,Baru_Baik,Baru_Baik
Medan,3.5952,98.6722,2026-04-23T10:32:58.891528,1,1.21,2.1,0.32,7.85,103.69,0.07,1.32,Baik,1,Baru_Baik,Baru_Baik
Semarang,-6.9932,110.4203,2026-04-23T10:32:58.897495,3,107.91,119.0,9.48,110.83,787.02,5.16,2.97,Tidak Sehat,0,Baru_Berbahaya,Baru_TidakSehat
Makassar,-5.1477,119.4327,2026-04-23T10:32:58.903030,1,10.57,11.75,0.51,62.63,179.46,0.2,0.14,Baik,1,Baru_Baik,Baru_Baik
Palembang,-2.9761,104.7754,2026-04-23T10:32:58.909538,1,7.34,9.27,2.28,17.87,246.78,0.54,0.53,Baik,1,Baru_Baik,Baru_Baik
Tangerang,-6.1702,106.6402,2026-04-23T10:32:58.916893,2,63.4,66.11,1.94,139.0,455.0,4.95,0.0,Sedang,3,Baru_Sedang,Baru_Sedang
Depok,-6.4025,106.7942,2026-04-23T10:32:58.923351,2,22.73,24.74,0.74,68.3,193.36,1.71,0.0,Sedang,1,Baru_Baik,Baru_Sedang
Bekasi,-6.2383,106.9756,2026-04-23T10:32:58.928998,2,51.04,53.33,1.59,116.12,379.29,4.08,0.0,Sedang,3,Baru_Sedang,Baru_Sedang
Jakarta,-6.2088,106.8456,2026-04-23T10:33:01.455680,2,51.04,53.33,1.59,116.12,379.29,4.08,0.0,Sedang,3,Baru_Sedang,Baru_Sedang
Surabaya,-7.2575,112.7521,2026-04-23T10:33:01.461990,2,62.69,74.61,24.66,70.82,1026.47,6.99,3.84,Sedang,2,Baru_TidakSehat,Baru_Sedang
Bandung,-6.9175,107.6191,2026-04-23T10:33:01.468970,1,6.34,7.94,0.99,41.07,139.05,0.43,0.47,Baik,1,Baru_Baik,Baru_Baik
Medan,3.5952,98.6722,2026-04-23T10:33:01.475935,1,1.21,2.1,0.32,7.85,103.69,0.07,1.32,Baik,1,Baru_Baik,Baru_Baik
Semarang,-6.9932,110.4203,2026-04-23T10:33:01.483467,3,107.91,119.0,9.48,110.83,787.02,5.16,2.97,Tidak Sehat,0,Baru_Berbahaya,Baru_TidakSehat
Makassar,-5.1477,119.4327,2026-04-23T10:33:01.490240,1,10.57,11.75,0.51,62.63,179.46,0.2,0.14,Baik,1,Baru_Baik,Baru_Baik
Palembang,-2.9761,104.7754,2026-04-23T10:33:01.496742,1,7.34,9.27,2.28,17.87,246.78,0.54,0.53,Baik,1,Baru_Baik,Baru_Baik
Tangerang,-6.1702,106.6402,2026-04-23T10:33:01.503869,2,63.4,66.11,1.94,139.0,455.0,4.95,0.0,Sedang,3,Baru_Sedang,Baru_Sedang
Depok,-6.4025,106.7942,2026-04-23T10:33:01.510616,2,22.73,24.74,0.74,68.3,193.36,1.71,0.0,Sedang,1,Baru_Baik,Baru_Sedang
Bekasi,-6.2383,106.9756,2026-04-23T10:33:01.517208,2,51.04,53.33,1.59,116.12,379.29,4.08,0.0,Sedang,3,Baru_Sedang,Baru_Sedang
Jakarta,-6.2088,106.8456,2026-04-23T10:33:04.036953,2,51.04,53.33,1.59,116.12,379.29,4.08,0.0,Sedang,3,Baru_Sedang,Baru_Sedang
Surabaya,-7.2575,112.7521,2026-04-23T10:33:04.044349,2,62.69,74.61,24.66,70.82,1026.47,6.99,3.84,Sedang,2,Baru_TidakSehat,Baru_Sedang
Bandung,-6.9175,107.6191,2026-04-23T10:33:04.050780,1,6.34,7.94,0.99,41.07,139.05,0.43,0.47,Baik,1,Baru_Baik,Baru_Baik
Medan,3.5952,98.6722,2026-04-23T10:33:04.057411,1,1.21,2.1,0.32,7.85,103.69,0.07,1.32,Baik,1,Baru_Baik,Baru_Baik
Semarang,-6.9932,110.4203,2026-04-23T10:33:04.064097,3,107.91,119.0,9.48,110.83,787.02,5.16,2.97,Tidak Sehat,0,Baru_Berbahaya,Baru_TidakSehat
Makassar,-5.1477,119.4327,2026-04-23T10:33:04.071034,1,10.57,11.75,0.51,62.63,179.46,0.2,0.14,Baik,1,Baru_Baik,Baru_Baik
Palembang,-2.9761,104.7754,2026-04-23T10:33:04.078204,1,7.34,9.27,2.28,17.87,246.78,0.54,0.53,Baik,1,Baru_Baik,Baru_Baik
Tangerang,-6.1702,106.6402,2026-04-23T10:33:04.085629,2,63.4,66.11,1.94,139.0,455.0,4.95,0.0,Sedang,3,Baru_Sedang,Baru_Sedang
Depok,-6.4025,106.7942,2026-04-23T10:33:04.091170,2,22.73,24.74,0.74,68.3,193.36,1.71,0.0,Sedang,1,Baru_Baik,Baru_Sedang
Bekasi,-6.2383,106.9756,2026-04-23T10:33:04.097920,2,51.04,53.33,1.59,116.12,379.29,4.08,0.0,Sedang,3,Baru_Sedang,Baru_Sedang
Jakarta,-6.2088,106.8456,2026-04-23T10:33:06.613765,2,51.04,53.33,1.59,116.12,379.29,4.08,0.0,Sedang,3,Baru_Sedang,Baru_Sedang
Surabaya,-7.2575,112.7521,2026-04-23T10:33:06.621794,2,62.69,74.61,24.66,70.82,1026.47,6.99,3.84,Sedang,2,Baru_TidakSehat,Baru_Sedang
Bandung,-6.9175,107.6191,2026-04-23T10:33:06.629367,1,6.34,7.94,0.99,41.07,139.05,0.43,0.47,Baik,1,Baru_Baik,Baru_Baik
Medan,3.5952,98.6722,2026-04-23T10:33:06.637286,1,1.21,2.1,0.32,7.85,103.69,0.07,1.32,Baik,1,Baru_Baik,Baru_Baik
Semarang,-6.9932,110.4203,2026-04-23T10:33:06.643510,3,107.91,119.0,9.48,110.83,787.02,5.16,2.97,Tidak Sehat,0,Baru_Berbahaya,Baru_TidakSehat
Makassar,-5.1477,119.4327,2026-04-23T10:33:06.650341,1,10.57,11.75,0.51,62.63,179.46,0.2,0.14,Baik,1,Baru_Baik,Baru_Baik
Palembang,-2.9761,104.7754,2026-04-23T10:33:06.656923,1,7.34,9.27,2.28,17.87,246.78,0.54,0.53,Baik,1,Baru_Baik,Baru_Baik
Tangerang,-6.1702,106.6402,2026-04-23T10:33:06.663357,2,63.4,66.11,1.94,139.0,455.0,4.95,0.0,Sedang,3,Baru_Sedang,Baru_Sedang
Depok,-6.4025,106.7942,2026-04-23T10:33:06.670473,2,22.73,24.74,0.74,68.3,193.36,1.71,0.0,Sedang,1,Baru_Baik,Baru_Sedang
Bekasi,-6.2383,106.9756,2026-04-23T10:33:06.677508,2,51.04,53.33,1.59,116.12,379.29,4.08,0.0,Sedang,3,Baru_Sedang,Baru_Sedang
Jakarta,-6.2088,106.8456,2026-04-23T10:33:09.204824,2,51.04,53.33,1.59,116.12,379.29,4.08,0.0,Sedang,3,Baru_Sedang,Baru_Sedang
Surabaya,-7.2575,112.7521,2026-04-23T10:33:09.210753,2,62.69,74.61,24.66,70.82,1026.47,6.99,3.84,Sedang,2,Baru_TidakSehat,Baru_Sedang
Bandung,-6.9175,107.6191,2026-04-23T10:33:09.217556,1,6.34,7.94,0.99,41.07,139.05,0.43,0.47,Baik,1,Baru_Baik,Baru_Baik
Medan,3.5952,98.6722,2026-04-23T10:33:09.224923,1,1.21,2.1,0.32,7.85,103.69,0.07,1.32,Baik,1,Baru_Baik,Baru_Baik
Semarang,-6.9932,110.4203,2026-04-23T10:33:09.231022,3,107.91,119.0,9.48,110.83,787.02,5.16,2.97,Tidak Sehat,0,Baru_Berbahaya,Baru_TidakSehat
Makassar,-5.1477,119.4327,2026-04-23T10:33:09.238093,1,10.57,11.75,0.51,62.63,179.46,0.2,0.14,Baik,1,Baru_Baik,Baru_Baik
Palembang,-2.9761,104.7754,2026-04-23T10:33:09.244637,1,7.34,9.27,2.28,17.87,246.78,0.54,0.53,Baik,1,Baru_Baik,Baru_Baik
Tangerang,-6.1702,106.6402,2026-04-23T10:33:09.251726,2,63.4,66.11,1.94,139.0,455.0,4.95,0.0,Sedang,3,Baru_Sedang,Baru_Sedang
Depok,-6.4025,106.7942,2026-04-23T10:33:09.258461,2,22.73,24.74,0.74,68.3,193.36,1.71,0.0,Sedang,1,Baru_Baik,Baru_Sedang
Bekasi,-6.2383,106.9756,2026-04-23T10:33:09.264863,2,51.04,53.33,1.59,116.12,379.29,4.08,0.0,Sedang,3,Baru_Sedang,Baru_Sedang
Jakarta,-6.2088,106.8456,2026-04-23T10:33:11.786885,2,51.04,53.33,1.59,116.12,379.29,4.08,0.0,Sedang,3,Baru_Sedang,Baru_Sedang
Surabaya,-7.2575,112.7521,2026-04-23T10:33:11.793970,2,62.69,74.61,24.66,70.82,1026.47,6.99,3.84,Sedang,2,Baru_TidakSehat,Baru_Sedang
Bandung,-6.9175,107.6191,2026-04-23T10:33:11.800703,1,6.34,7.94,0.99,41.07,139.05,0.43,0.47,Baik,1,Baru_Baik,Baru_Baik
Medan,3.5952,98.6722,2026-04-23T10:33:11.807823,1,1.21,2.1,0.32,7.85,103.69,0.07,1.32,Baik,1,Baru_Baik,Baru_Baik
Semarang,-6.9932,110.4203,2026-04-23T10:33:11.813879,3,107.91,119.0,9.48,110.83,787.02,5.16,2.97,Tidak Sehat,0,Baru_Berbahaya,Baru_TidakSehat
Makassar,-5.1477,119.4327,2026-04-23T10:33:11.820965,1,10.57,11.75,0.51,62.63,179.46,0.2,0.14,Baik,1,Baru_Baik,Baru_Baik
Palembang,-2.9761,104.7754,2026-04-23T10:33:11.828255,1,7.34,9.27,2.28,17.87,246.78,0.54,0.53,Baik,1,Baru_Baik,Baru_Baik
Tangerang,-6.1702,106.6402,2026-04-23T10:33:11.835883,2,63.4,66.11,1.94,139.0,455.0,4.95,0.0,Sedang,3,Baru_Sedang,Baru_Sedang
Depok,-6.4025,106.7942,2026-04-23T10:33:11.841686,2,22.73,24.74,0.74,68.3,193.36,1.71,0.0,Sedang,1,Baru_Baik,Baru_Sedang
Bekasi,-6.2383,106.9756,2026-04-23T10:33:11.847851,2,51.04,53.33,1.59,116.12,379.29,4.08,0.0,Sedang,3,Baru_Sedang,Baru_Sedang
Jakarta,-6.2088,106.8456,2026-04-23T10:34:14.133737,2,51.04,53.33,1.59,116.12,379.29,4.08,0.0,Sedang,3,Baru_Sedang,Baru_Sedang
Surabaya,-7.2575,112.7521,2026-04-23T10:34:14.139908,2,62.69,74.61,24.66,70.82,1026.47,6.99,3.84,Sedang,2,Baru_TidakSehat,Baru_Sedang
Bandung,-6.9175,107.6191,2026-04-23T10:34:14.147122,1,6.34,7.94,0.99,41.07,139.05,0.43,0.47,Baik,1,Baru_Baik,Baru_Baik
Medan,3.5952,98.6722,2026-04-23T10:34:14.154763,1,1.21,2.1,0.32,7.85,103.69,0.07,1.32,Baik,1,Baru_Baik,Baru_Baik
Semarang,-6.9932,110.4203,2026-04-23T10:34:14.162384,3,107.91,119.0,9.48,110.83,787.02,5.16,2.97,Tidak Sehat,0,Baru_Berbahaya,Baru_TidakSehat
Makassar,-5.1477,119.4327,2026-04-23T10:34:14.168777,1,10.57,11.75,0.51,62.63,179.46,0.2,0.14,Baik,1,Baru_Baik,Baru_Baik
Palembang,-2.9761,104.7754,2026-04-23T10:34:14.175153,1,7.34,9.27,2.28,17.87,246.78,0.54,0.53,Baik,1,Baru_Baik,Baru_Baik
Tangerang,-6.1702,106.6402,2026-04-23T10:34:14.182223,2,63.4,66.11,1.94,139.0,455.0,4.95,0.0,Sedang,3,Baru_Sedang,Baru_Sedang
Depok,-6.4025,106.7942,2026-04-23T10:34:14.188857,2,22.73,24.74,0.74,68.3,193.36,1.71,0.0,Sedang,1,Baru_Baik,Baru_Sedang
Bekasi,-6.2383,106.9756,2026-04-23T10:34:14.196576,2,51.04,53.33,1.59,116.12,379.29,4.08,0.0,Sedang,3,Baru_Sedang,Baru_Sedang
Jakarta,-6.2088,106.8456,2026-04-23T10:34:16.715529,2,51.04,53.33,1.59,116.12,379.29,4.08,0.0,Sedang,3,Baru_Sedang,Baru_Sedang
Surabaya,-7.2575,112.7521,2026-04-23T10:34:16.723095,2,62.69,74.61,24.66,70.82,1026.47,6.99,3.84,Sedang,2,Baru_TidakSehat,Baru_Sedang
Bandung,-6.9175,107.6191,2026-04-23T10:34:16.730229,1,6.34,7.94,0.99,41.07,139.05,0.43,0.47,Baik,1,Baru_Baik,Baru_Baik
Medan,3.5952,98.6722,2026-04-23T10:34:16.737998,1,1.21,2.1,0.32,7.85,103.69,0.07,1.32,Baik,1,Baru_Baik,Baru_Baik
Semarang,-6.9932,110.4203,2026-04-23T10:34:16.743780,3,107.91,119.0,9.48,110.83,787.02,5.16,2.97,Tidak Sehat,0,Baru_Berbahaya,Baru_TidakSehat
Makassar,-5.1477,119.4327,2026-04-23T10:34:16.749380,1,10.57,11.75,0.51,62.63,179.46,0.2,0.14,Baik,1,Baru_Baik,Baru_Baik
Palembang,-2.9761,104.7754,2026-04-23T10:34:16.754437,1,7.34,9.27,2.28,17.87,246.78,0.54,0.53,Baik,1,Baru_Baik,Baru_Baik
Tangerang,-6.1702,106.6402,2026-04-23T10:34:16.760851,2,63.4,66.11,1.94,139.0,455.0,4.95,0.0,Sedang,3,Baru_Sedang,Baru_Sedang
Depok,-6.4025,106.7942,2026-04-23T10:34:16.767677,2,22.73,24.74,0.74,68.3,193.36,1.71,0.0,Sedang,1,Baru_Baik,Baru_Sedang
Bekasi,-6.2383,106.9756,2026-04-23T10:34:16.773002,2,51.04,53.33,1.59,116.12,379.29,4.08,0.0,Sedang,3,Baru_Sedang,Baru_Sedang
Jakarta,-6.2088,106.8456,2026-04-23T10:34:19.303615,2,51.04,53.33,1.59,116.12,379.29,4.08,0.0,Sedang,3,Baru_Sedang,Baru_Sedang
Surabaya,-7.2575,112.7521,2026-04-23T10:34:19.321940,2,62.69,74.61,24.66,70.82,1026.47,6.99,3.84,Sedang,2,Baru_TidakSehat,Baru_Sedang
Bandung,-6.9175,107.6191,2026-04-23T10:34:19.327785,1,6.34,7.94,0.99,41.07,139.05,0.43,0.47,Baik,1,Baru_Baik,Baru_Baik
Medan,3.5952,98.6722,2026-04-23T10:34:19.334735,1,1.21,2.1,0.32,7.85,103.69,0.07,1.32,Baik,1,Baru_Baik,Baru_Baik
Semarang,-6.9932,110.4203,2026-04-23T10:34:19.340993,3,107.91,119.0,9.48,110.83,787.02,5.16,2.97,Tidak Sehat,0,Baru_Berbahaya,Baru_TidakSehat
Makassar,-5.1477,119.4327,2026-04-23T10:34:19.347831,1,10.57,11.75,0.51,62.63,179.46,0.2,0.14,Baik,1,Baru_Baik,Baru_Baik
Palembang,-2.9761,104.7754,2026-04-23T10:34:19.354781,1,7.34,9.27,2.28,17.87,246.78,0.54,0.53,Baik,1,Baru_Baik,Baru_Baik
Tangerang,-6.1702,106.6402,2026-04-23T10:34:19.362148,2,63.4,66.11,1.94,139.0,455.0,4.95,0.0,Sedang,3,Baru_Sedang,Baru_Sedang
Depok,-6.4025,106.7942,2026-04-23T10:34:19.368294,2,22.73,24.74,0.74,68.3,193.36,1.71,0.0,Sedang,1,Baru_Baik,Baru_Sedang
Bekasi,-6.2383,106.9756,2026-04-23T10:34:19.375426,2,51.04,53.33,1.59,116.12,379.29,4.08,0.0,Sedang,3,Baru_Sedang,Baru_Sedang
Jakarta,-6.2088,106.8456,2026-04-23T10:34:21.897139,2,51.04,53.33,1.59,116.12,379.29,4.08,0.0,Sedang,3,Baru_Sedang,Baru_Sedang
Surabaya,-7.2575,112.7521,2026-04-23T10:34:21.903339,2,62.69,74.61,24.66,70.82,1026.47,6.99,3.84,Sedang,2,Baru_TidakSehat,Baru_Sedang
Bandung,-6.9175,107.6191,2026-04-23T10:34:21.910505,1,6.34,7.94,0.99,41.07,139.05,0.43,0.47,Baik,1,Baru_Baik,Baru_Baik
Medan,3.5952,98.6722,2026-04-23T10:34:21.917486,1,1.21,2.1,0.32,7.85,103.69,0.07,1.32,Baik,1,Baru_Baik,Baru_Baik
Semarang,-6.9932,110.4203,2026-04-23T10:34:21.924799,3,107.91,119.0,9.48,110.83,787.02,5.16,2.97,Tidak Sehat,0,Baru_Berbahaya,Baru_TidakSehat
Makassar,-5.1477,119.4327,2026-04-23T10:34:21.942780,1,10.57,11.75,0.51,62.63,179.46,0.2,0.14,Baik,1,Baru_Baik,Baru_Baik
Palembang,-2.9761,104.7754,2026-04-23T10:34:21.948804,1,7.34,9.27,2.28,17.87,246.78,0.54,0.53,Baik,1,Baru_Baik,Baru_Baik
Tangerang,-6.1702,106.6402,2026-04-23T10:34:21.955815,2,63.4,66.11,1.94,139.0,455.0,4.95,0.0,Sedang,3,Baru_Sedang,Baru_Sedang
Depok,-6.4025,106.7942,2026-04-23T10:34:21.963433,2,22.73,24.74,0.74,68.3,193.36,1.71,0.0,Sedang,1,Baru_Baik,Baru_Sedang
Bekasi,-6.2383,106.9756,2026-04-23T10:34:21.970984,2,51.04,53.33,1.59,116.12,379.29,4.08,0.0,Sedang,3,Baru_Sedang,Baru_Sedang
Jakarta,-6.2088,106.8456,2026-04-23T10:34:24.492090,2,51.04,53.33,1.59,116.12,379.29,4.08,0.0,Sedang,3,Baru_Sedang,Baru_Sedang
Surabaya,-7.2575,112.7521,2026-04-23T10:34:24.499930,2,62.69,74.61,24.66,70.82,1026.47,6.99,3.84,Sedang,2,Baru_TidakSehat,Baru_Sedang
Bandung,-6.9175,107.6191,2026-04-23T10:34:24.506368,1,6.34,7.94,0.99,41.07,139.05,0.43,0.47,Baik,1,Baru_Baik,Baru_Baik
Medan,3.5952,98.6722,2026-04-23T10:34:24.513677,1,1.21,2.1,0.32,7.85,103.69,0.07,1.32,Baik,1,Baru_Baik,Baru_Baik
Semarang,-6.9932,110.4203,2026-04-23T10:34:24.519442,3,107.91,119.0,9.48,110.83,787.02,5.16,2.97,Tidak Sehat,0,Baru_Berbahaya,Baru_TidakSehat
Makassar,-5.1477,119.4327,2026-04-23T10:34:24.528367,1,10.57,11.75,0.51,62.63,179.46,0.2,0.14,Baik,1,Baru_Baik,Baru_Baik
Palembang,-2.9761,104.7754,2026-04-23T10:34:24.533926,1,7.34,9.27,2.28,17.87,246.78,0.54,0.53,Baik,1,Baru_Baik,Baru_Baik
Tangerang,-6.1702,106.6402,2026-04-23T10:34:24.540388,2,63.4,66.11,1.94,139.0,455.0,4.95,0.0,Sedang,3,Baru_Sedang,Baru_Sedang
Depok,-6.4025,106.7942,2026-04-23T10:34:24.546773,2,22.73,24.74,0.74,68.3,193.36,1.71,0.0,Sedang,1,Baru_Baik,Baru_Sedang
Bekasi,-6.2383,106.9756,2026-04-23T10:34:24.552907,2,51.04,53.33,1.59,116.12,379.29,4.08,0.0,Sedang,3,Baru_Sedang,Baru_Sedang
Jakarta,-6.2088,106.8456,2026-04-23T10:34:27.078921,2,51.04,53.33,1.59,116.12,379.29,4.08,0.0,Sedang,3,Baru_Sedang,Baru_Sedang
Surabaya,-7.2575,112.7521,2026-04-23T10:34:27.086823,2,62.69,74.61,24.66,70.82,1026.47,6.99,3.84,Sedang,2,Baru_TidakSehat,Baru_Sedang
Bandung,-6.9175,107.6191,2026-04-23T10:34:27.092921,1,6.34,7.94,0.99,41.07,139.05,0.43,0.47,Baik,1,Baru_Baik,Baru_Baik
Medan,3.5952,98.6722,2026-04-23T10:34:27.100129,1,1.21,2.1,0.32,7.85,103.69,0.07,1.32,Baik,1,Baru_Baik,Baru_Baik
Semarang,-6.9932,110.4203,2026-04-23T10:34:27.106744,3,107.91,119.0,9.48,110.83,787.02,5.16,2.97,Tidak Sehat,0,Baru_Berbahaya,Baru_TidakSehat
Makassar,-5.1477,119.4327,2026-04-23T10:34:27.113904,1,10.57,11.75,0.51,62.63,179.46,0.2,0.14,Baik,1,Baru_Baik,Baru_Baik
Palembang,-2.9761,104.7754,2026-04-23T10:34:27.120215,1,7.34,9.27,2.28,17.87,246.78,0.54,0.53,Baik,1,Baru_Baik,Baru_Baik
Tangerang,-6.1702,106.6402,2026-04-23T10:34:27.128280,2,63.4,66.11,1.94,139.0,455.0,4.95,0.0,Sedang,3,Baru_Sedang,Baru_Sedang
Depok,-6.4025,106.7942,2026-04-23T10:34:27.133801,2,22.73,24.74,0.74,68.3,193.36,1.71,0.0,Sedang,1,Baru_Baik,Baru_Sedang
Bekasi,-6.2383,106.9756,2026-04-23T10:34:27.140574,2,51.04,53.33,1.59,116.12,379.29,4.08,0.0,Sedang,3,Baru_Sedang,Baru_Sedang
Jakarta,-6.2088,106.8456,2026-04-23T10:34:29.676119,2,51.04,53.33,1.59,116.12,379.29,4.08,0.0,Sedang,3,Baru_Sedang,Baru_Sedang
Surabaya,-7.2575,112.7521,2026-04-23T10:34:29.682013,2,62.69,74.61,24.66,70.82,1026.47,6.99,3.84,Sedang,2,Baru_TidakSehat,Baru_Sedang
Bandung,-6.9175,107.6191,2026-04-23T10:34:29.689183,1,6.34,7.94,0.99,41.07,139.05,0.43,0.47,Baik,1,Baru_Baik,Baru_Baik
Medan,3.5952,98.6722,2026-04-23T10:34:29.696604,1,1.21,2.1,0.32,7.85,103.69,0.07,1.32,Baik,1,Baru_Baik,Baru_Baik
Semarang,-6.9932,110.4203,2026-04-23T10:34:29.703641,3,107.91,119.0,9.48,110.83,787.02,5.16,2.97,Tidak Sehat,0,Baru_Berbahaya,Baru_TidakSehat
Makassar,-5.1477,119.4327,2026-04-23T10:34:29.714548,1,10.57,11.75,0.51,62.63,179.46,0.2,0.14,Baik,1,Baru_Baik,Baru_Baik
Palembang,-2.9761,104.7754,2026-04-23T10:34:29.720579,1,7.34,9.27,2.28,17.87,246.78,0.54,0.53,Baik,1,Baru_Baik,Baru_Baik
Tangerang,-6.1702,106.6402,2026-04-23T10:34:29.727866,2,63.4,66.11,1.94,139.0,455.0,4.95,0.0,Sedang,3,Baru_Sedang,Baru_Sedang
Depok,-6.4025,106.7942,2026-04-23T10:34:29.735935,2,22.73,24.74,0.74,68.3,193.36,1.71,0.0,Sedang,1,Baru_Baik,Baru_Sedang
Bekasi,-6.2383,106.9756,2026-04-23T10:34:29.746197,2,51.04,53.33,1.59,116.12,379.29,4.08,0.0,Sedang,3,Baru_Sedang,Baru_Sedang
Jakarta,-6.2088,106.8456,2026-04-23T10:34:32.279239,2,51.04,53.33,1.59,116.12,379.29,4.08,0.0,Sedang,3,Baru_Sedang,Baru_Sedang
Surabaya,-7.2575,112.7521,2026-04-23T10:34:32.286858,2,62.69,74.61,24.66,70.82,1026.47,6.99,3.84,Sedang,2,Baru_TidakSehat,Baru_Sedang
Bandung,-6.9175,107.6191,2026-04-23T10:34:32.293194,1,6.34,7.94,0.99,41.07,139.05,0.43,0.47,Baik,1,Baru_Baik,Baru_Baik
Medan,3.5952,98.6722,2026-04-23T10:34:32.300748,1,1.21,2.1,0.32,7.85,103.69,0.07,1.32,Baik,1,Baru_Baik,Baru_Baik
Semarang,-6.9932,110.4203,2026-04-23T10:34:32.306971,3,107.91,119.0,9.48,110.83,787.02,5.16,2.97,Tidak Sehat,0,Baru_Berbahaya,Baru_TidakSehat
Makassar,-5.1477,119.4327,2026-04-23T10:34:32.313253,1,10.57,11.75,0.51,62.63,179.46,0.2,0.14,Baik,1,Baru_Baik,Baru_Baik
Palembang,-2.9761,104.7754,2026-04-23T10:34:32.319034,1,7.34,9.27,2.28,17.87,246.78,0.54,0.53,Baik,1,Baru_Baik,Baru_Baik
Tangerang,-6.1702,106.6402,2026-04-23T10:34:32.325332,2,63.4,66.11,1.94,139.0,455.0,4.95,0.0,Sedang,3,Baru_Sedang,Baru_Sedang
Depok,-6.4025,106.7942,2026-04-23T10:34:32.332189,2,22.73,24.74,0.74,68.3,193.36,1.71,0.0,Sedang,1,Baru_Baik,Baru_Sedang
Bekasi,-6.2383,106.9756,2026-04-23T10:34:32.338682,2,51.04,53.33,1.59,116.12,379.29,4.08,0.0,Sedang,3,Baru_Sedang,Baru_Sedang
Jakarta,-6.2088,106.8456,2026-04-23T10:34:34.860695,2,51.04,53.33,1.59,116.12,379.29,4.08,0.0,Sedang,3,Baru_Sedang,Baru_Sedang
Surabaya,-7.2575,112.7521,2026-04-23T10:34:34.867260,2,62.69,74.61,24.66,70.82,1026.47,6.99,3.84,Sedang,2,Baru_TidakSehat,Baru_Sedang
Bandung,-6.9175,107.6191,2026-04-23T10:34:34.874499,1,6.34,7.94,0.99,41.07,139.05,0.43,0.47,Baik,1,Baru_Baik,Baru_Baik
Medan,3.5952,98.6722,2026-04-23T10:34:34.881949,1,1.21,2.1,0.32,7.85,103.69,0.07,1.32,Baik,1,Baru_Baik,Baru_Baik
Semarang,-6.9932,110.4203,2026-04-23T10:34:34.888200,3,107.91,119.0,9.48,110.83,787.02,5.16,2.97,Tidak Sehat,0,Baru_Berbahaya,Baru_TidakSehat
Makassar,-5.1477,119.4327,2026-04-23T10:34:34.895222,1,10.57,11.75,0.51,62.63,179.46,0.2,0.14,Baik,1,Baru_Baik,Baru_Baik
Palembang,-2.9761,104.7754,2026-04-23T10:34:34.901937,1,7.34,9.27,2.28,17.87,246.78,0.54,0.53,Baik,1,Baru_Baik,Baru_Baik
Tangerang,-6.1702,106.6402,2026-04-23T10:34:34.911285,2,63.4,66.11,1.94,139.0,455.0,4.95,0.0,Sedang,3,Baru_Sedang,Baru_Sedang
Depok,-6.4025,106.7942,2026-04-23T10:34:34.917223,2,22.73,24.74,0.74,68.3,193.36,1.71,0.0,Sedang,1,Baru_Baik,Baru_Sedang
Bekasi,-6.2383,106.9756,2026-04-23T10:34:34.923907,2,51.04,53.33,1.59,116.12,379.29,4.08,0.0,Sedang,3,Baru_Sedang,Baru_Sedang
Jakarta,-6.2088,106.8456,2026-04-23T10:34:37.449243,2,51.04,53.33,1.59,116.12,379.29,4.08,0.0,Sedang,3,Baru_Sedang,Baru_Sedang
Surabaya,-7.2575,112.7521,2026-04-23T10:34:37.455404,2,62.69,74.61,24.66,70.82,1026.47,6.99,3.84,Sedang,2,Baru_TidakSehat,Baru_Sedang
Bandung,-6.9175,107.6191,2026-04-23T10:34:37.461688,1,6.34,7.94,0.99,41.07,139.05,0.43,0.47,Baik,1,Baru_Baik,Baru_Baik
Medan,3.5952,98.6722,2026-04-23T10:34:37.468939,1,1.21,2.1,0.32,7.85,103.69,0.07,1.32,Baik,1,Baru_Baik,Baru_Baik
Semarang,-6.9932,110.4203,2026-04-23T10:34:37.474976,3,107.91,119.0,9.48,110.83,787.02,5.16,2.97,Tidak Sehat,0,Baru_Berbahaya,Baru_TidakSehat
Makassar,-5.1477,119.4327,2026-04-23T10:34:37.482993,1,10.57,11.75,0.51,62.63,179.46,0.2,0.14,Baik,1,Baru_Baik,Baru_Baik
Palembang,-2.9761,104.7754,2026-04-23T10:34:37.488459,1,7.34,9.27,2.28,17.87,246.78,0.54,0.53,Baik,1,Baru_Baik,Baru_Baik
Tangerang,-6.1702,106.6402,2026-04-23T10:34:37.495251,2,63.4,66.11,1.94,139.0,455.0,4.95,0.0,Sedang,3,Baru_Sedang,Baru_Sedang
Depok,-6.4025,106.7942,2026-04-23T10:34:37.501826,2,22.73,24.74,0.74,68.3,193.36,1.71,0.0,Sedang,1,Baru_Baik,Baru_Sedang
Bekasi,-6.2383,106.9756,2026-04-23T10:34:37.509562,2,51.04,53.33,1.59,116.12,379.29,4.08,0.0,Sedang,3,Baru_Sedang,Baru_Sedang
Jakarta,-6.2088,106.8456,2026-04-23T10:39:22.891736,2,51.04,53.33,1.59,116.12,379.29,4.08,0.0,Sedang,3,Baru_Sedang,Baru_Sedang
Surabaya,-7.2575,112.7521,2026-04-23T10:39:23.071899,2,62.69,74.61,24.66,70.82,1026.47,6.99,3.84,Sedang,2,Baru_TidakSehat,Baru_Sedang
Bandung,-6.9175,107.6191,2026-04-23T10:39:23.256103,1,6.34,7.94,0.99,41.07,139.05,0.43,0.47,Baik,1,Baru_Baik,Baru_Baik
Medan,3.5952,98.6722,2026-04-23T10:39:23.438093,1,1.21,2.1,0.32,7.85,103.69,0.07,1.32,Baik,1,Baru_Baik,Baru_Baik
Semarang,-6.9932,110.4203,2026-04-23T10:39:23.443584,3,114.37,122.13,6.35,134.09,719.51,5.31,1.44,Tidak Sehat,0,Baru_Berbahaya,Baru_TidakSehat
Makassar,-5.1477,119.4327,2026-04-23T10:39:23.624612,1,6.61,7.76,0.41,52.21,144.59,0.15,0.13,Baik,1,Baru_Baik,Baru_Baik
Palembang,-2.9761,104.7754,2026-04-23T10:39:23.805852,1,7.34,9.27,2.28,17.87,246.78,0.54,0.53,Baik,1,Baru_Baik,Baru_Baik
Tangerang,-6.1702,106.6402,2026-04-23T10:39:23.988491,2,63.4,66.11,1.94,139.0,455.0,4.95,0.0,Sedang,3,Baru_Sedang,Baru_Sedang
Depok,-6.4025,106.7942,2026-04-23T10:39:24.169489,2,22.73,24.74,0.74,68.3,193.36,1.71,0.0,Sedang,1,Baru_Baik,Baru_Sedang
Bekasi,-6.2383,106.9756,2026-04-23T10:39:24.348837,2,51.04,53.33,1.59,116.12,379.29,4.08,0.0,Sedang,3,Baru_Sedang,Baru_Sedang
Jakarta,-6.2088,106.8456,2026-04-23T10:39:26.880833,2,51.04,53.33,1.59,116.12,379.29,4.08,0.0,Sedang,3,Baru_Sedang,Baru_Sedang
Surabaya,-7.2575,112.7521,2026-04-23T10:39:26.887500,2,62.69,74.61,24.66,70.82,1026.47,6.99,3.84,Sedang,2,Baru_TidakSehat,Baru_Sedang
Bandung,-6.9175,107.6191,2026-04-23T10:39:26.893954,1,6.34,7.94,0.99,41.07,139.05,0.43,0.47,Baik,1,Baru_Baik,Baru_Baik
Medan,3.5952,98.6722,2026-04-23T10:39:26.901259,1,1.21,2.1,0.32,7.85,103.69,0.07,1.32,Baik,1,Baru_Baik,Baru_Baik
Semarang,-6.9932,110.4203,2026-04-23T10:39:26.908707,3,114.37,122.13,6.35,134.09,719.51,5.31,1.44,Tidak Sehat,0,Baru_Berbahaya,Baru_TidakSehat
Makassar,-5.1477,119.4327,2026-04-23T10:39:26.916635,1,6.61,7.76,0.41,52.21,144.59,0.15,0.13,Baik,1,Baru_Baik,Baru_Baik
Palembang,-2.9761,104.7754,2026-04-23T10:39:26.923448,1,7.34,9.27,2.28,17.87,246.78,0.54,0.53,Baik,1,Baru_Baik,Baru_Baik
Tangerang,-6.1702,106.6402,2026-04-23T10:39:26.931108,2,63.4,66.11,1.94,139.0,455.0,4.95,0.0,Sedang,3,Baru_Sedang,Baru_Sedang
Depok,-6.4025,106.7942,2026-04-23T10:39:26.937108,2,22.73,24.74,0.74,68.3,193.36,1.71,0.0,Sedang,1,Baru_Baik,Baru_Sedang
Bekasi,-6.2383,106.9756,2026-04-23T10:39:26.942463,2,51.04,53.33,1.59,116.12,379.29,4.08,0.0,Sedang,3,Baru_Sedang,Baru_Sedang
Jakarta,-6.2088,106.8456,2026-04-23T10:39:29.463608,2,51.04,53.33,1.59,116.12,379.29,4.08,0.0,Sedang,3,Baru_Sedang,Baru_Sedang
Surabaya,-7.2575,112.7521,2026-04-23T10:39:29.469494,2,62.69,74.61,24.66,70.82,1026.47,6.99,3.84,Sedang,2,Baru_TidakSehat,Baru_Sedang
Bandung,-6.9175,107.6191,2026-04-23T10:39:29.477003,1,6.34,7.94,0.99,41.07,139.05,0.43,0.47,Baik,1,Baru_Baik,Baru_Baik
Medan,3.5952,98.6722,2026-04-23T10:39:29.484919,1,1.21,2.1,0.32,7.85,103.69,0.07,1.32,Baik,1,Baru_Baik,Baru_Baik
Semarang,-6.9932,110.4203,2026-04-23T10:39:29.665465,3,107.91,119.0,9.48,110.83,787.02,5.16,2.97,Tidak Sehat,0,Baru_Berbahaya,Baru_TidakSehat
Makassar,-5.1477,119.4327,2026-04-23T10:39:29.671723,1,6.61,7.76,0.41,52.21,144.59,0.15,0.13,Baik,1,Baru_Baik,Baru_Baik
Palembang,-2.9761,104.7754,2026-04-23T10:39:29.677701,1,7.34,9.27,2.28,17.87,246.78,0.54,0.53,Baik,1,Baru_Baik,Baru_Baik
Tangerang,-6.1702,106.6402,2026-04-23T10:39:29.684923,2,63.4,66.11,1.94,139.0,455.0,4.95,0.0,Sedang,3,Baru_Sedang,Baru_Sedang
Depok,-6.4025,106.7942,2026-04-23T10:39:29.691991,2,22.73,24.74,0.74,68.3,193.36,1.71,0.0,Sedang,1,Baru_Baik,Baru_Sedang
Bekasi,-6.2383,106.9756,2026-04-23T10:39:29.698577,2,51.04,53.33,1.59,116.12,379.29,4.08,0.0,Sedang,3,Baru_Sedang,Baru_Sedang
Jakarta,-6.2088,106.8456,2026-04-23T10:39:32.226457,2,51.04,53.33,1.59,116.12,379.29,4.08,0.0,Sedang,3,Baru_Sedang,Baru_Sedang
Surabaya,-7.2575,112.7521,2026-04-23T10:39:32.231421,2,62.69,74.61,24.66,70.82,1026.47,6.99,3.84,Sedang,2,Baru_TidakSehat,Baru_Sedang
Bandung,-6.9175,107.6191,2026-04-23T10:39:32.239112,1,6.34,7.94,0.99,41.07,139.05,0.43,0.47,Baik,1,Baru_Baik,Baru_Baik
Medan,3.5952,98.6722,2026-04-23T10:39:32.245718,1,1.21,2.1,0.32,7.85,103.69,0.07,1.32,Baik,1,Baru_Baik,Baru_Baik
Semarang,-6.9932,110.4203,2026-04-23T10:39:32.252073,3,107.91,119.0,9.48,110.83,787.02,5.16,2.97,Tidak Sehat,0,Baru_Berbahaya,Baru_TidakSehat
Makassar,-5.1477,119.4327,2026-04-23T10:39:32.258973,1,6.61,7.76,0.41,52.21,144.59,0.15,0.13,Baik,1,Baru_Baik,Baru_Baik
Palembang,-2.9761,104.7754,2026-04-23T10:39:32.265619,1,7.34,9.27,2.28,17.87,246.78,0.54,0.53,Baik,1,Baru_Baik,Baru_Baik
Tangerang,-6.1702,106.6402,2026-04-23T10:39:32.270940,2,63.4,66.11,1.94,139.0,455.0,4.95,0.0,Sedang,3,Baru_Sedang,Baru_Sedang
Depok,-6.4025,106.7942,2026-04-23T10:39:32.276998,2,22.73,24.74,0.74,68.3,193.36,1.71,0.0,Sedang,1,Baru_Baik,Baru_Sedang
Bekasi,-6.2383,106.9756,2026-04-23T10:39:32.284295,2,51.04,53.33,1.59,116.12,379.29,4.08,0.0,Sedang,3,Baru_Sedang,Baru_Sedang
Jakarta,-6.2088,106.8456,2026-04-23T10:39:34.803392,2,51.04,53.33,1.59,116.12,379.29,4.08,0.0,Sedang,3,Baru_Sedang,Baru_Sedang
Surabaya,-7.2575,112.7521,2026-04-23T10:39:34.809389,2,62.69,74.61,24.66,70.82,1026.47,6.99,3.84,Sedang,2,Baru_TidakSehat,Baru_Sedang
Bandung,-6.9175,107.6191,2026-04-23T10:39:34.816495,1,6.34,7.94,0.99,41.07,139.05,0.43,0.47,Baik,1,Baru_Baik,Baru_Baik
Medan,3.5952,98.6722,2026-04-23T10:39:34.823157,1,1.21,2.1,0.32,7.85,103.69,0.07,1.32,Baik,1,Baru_Baik,Baru_Baik
Semarang,-6.9932,110.4203,2026-04-23T10:39:34.830644,3,107.91,119.0,9.48,110.83,787.02,5.16,2.97,Tidak Sehat,0,Baru_Berbahaya,Baru_TidakSehat
Makassar,-5.1477,119.4327,2026-04-23T10:39:34.836666,1,6.61,7.76,0.41,52.21,144.59,0.15,0.13,Baik,1,Baru_Baik,Baru_Baik
Palembang,-2.9761,104.7754,2026-04-23T10:39:34.844131,1,7.34,9.27,2.28,17.87,246.78,0.54,0.53,Baik,1,Baru_Baik,Baru_Baik
Tangerang,-6.1702,106.6402,2026-04-23T10:39:34.850712,2,63.4,66.11,1.94,139.0,455.0,4.95,0.0,Sedang,3,Baru_Sedang,Baru_Sedang
Depok,-6.4025,106.7942,2026-04-23T10:39:34.857157,2,22.73,24.74,0.74,68.3,193.36,1.71,0.0,Sedang,1,Baru_Baik,Baru_Sedang
Bekasi,-6.2383,106.9756,2026-04-23T10:39:34.862931,2,51.04,53.33,1.59,116.12,379.29,4.08,0.0,Sedang,3,Baru_Sedang,Baru_Sedang
Jakarta,-6.2088,106.8456,2026-04-23T10:39:37.381209,2,51.04,53.33,1.59,116.12,379.29,4.08,0.0,Sedang,3,Baru_Sedang,Baru_Sedang
Surabaya,-7.2575,112.7521,2026-04-23T10:39:37.386775,2,62.69,74.61,24.66,70.82,1026.47,6.99,3.84,Sedang,2,Baru_TidakSehat,Baru_Sedang
Bandung,-6.9175,107.6191,2026-04-23T10:39:37.394093,1,6.34,7.94,0.99,41.07,139.05,0.43,0.47,Baik,1,Baru_Baik,Baru_Baik
Medan,3.5952,98.6722,2026-04-23T10:39:37.401232,1,1.21,2.1,0.32,7.85,103.69,0.07,1.32,Baik,1,Baru_Baik,Baru_Baik
Semarang,-6.9932,110.4203,2026-04-23T10:39:37.406885,3,107.91,119.0,9.48,110.83,787.02,5.16,2.97,Tidak Sehat,0,Baru_Berbahaya,Baru_TidakSehat
Makassar,-5.1477,119.4327,2026-04-23T10:39:37.413280,1,6.61,7.76,0.41,52.21,144.59,0.15,0.13,Baik,1,Baru_Baik,Baru_Baik
Palembang,-2.9761,104.7754,2026-04-23T10:39:37.419441,1,7.34,9.27,2.28,17.87,246.78,0.54,0.53,Baik,1,Baru_Baik,Baru_Baik
Tangerang,-6.1702,106.6402,2026-04-23T10:39:37.427011,2,63.4,66.11,1.94,139.0,455.0,4.95,0.0,Sedang,3,Baru_Sedang,Baru_Sedang
Depok,-6.4025,106.7942,2026-04-23T10:39:37.433065,2,22.73,24.74,0.74,68.3,193.36,1.71,0.0,Sedang,1,Baru_Baik,Baru_Sedang
Bekasi,-6.2383,106.9756,2026-04-23T10:39:37.440542,2,51.04,53.33,1.59,116.12,379.29,4.08,0.0,Sedang,3,Baru_Sedang,Baru_Sedang
Jakarta,-6.2088,106.8456,2026-04-23T10:39:39.974792,2,51.04,53.33,1.59,116.12,379.29,4.08,0.0,Sedang,3,Baru_Sedang,Baru_Sedang
Surabaya,-7.2575,112.7521,2026-04-23T10:39:39.980926,2,62.69,74.61,24.66,70.82,1026.47,6.99,3.84,Sedang,2,Baru_TidakSehat,Baru_Sedang
Bandung,-6.9175,107.6191,2026-04-23T10:39:39.987980,1,6.34,7.94,0.99,41.07,139.05,0.43,0.47,Baik,1,Baru_Baik,Baru_Baik
Medan,3.5952,98.6722,2026-04-23T10:39:39.994116,1,1.21,2.1,0.32,7.85,103.69,0.07,1.32,Baik,1,Baru_Baik,Baru_Baik
Semarang,-6.9932,110.4203,2026-04-23T10:39:40.000353,3,107.91,119.0,9.48,110.83,787.02,5.16,2.97,Tidak Sehat,0,Baru_Berbahaya,Baru_TidakSehat
Makassar,-5.1477,119.4327,2026-04-23T10:39:40.006818,1,6.61,7.76,0.41,52.21,144.59,0.15,0.13,Baik,1,Baru_Baik,Baru_Baik
Palembang,-2.9761,104.7754,2026-04-23T10:39:40.013533,1,7.34,9.27,2.28,17.87,246.78,0.54,0.53,Baik,1,Baru_Baik,Baru_Baik
Tangerang,-6.1702,106.6402,2026-04-23T10:39:40.018874,2,63.4,66.11,1.94,139.0,455.0,4.95,0.0,Sedang,3,Baru_Sedang,Baru_Sedang
Depok,-6.4025,106.7942,2026-04-23T10:39:40.025296,2,22.73,24.74,0.74,68.3,193.36,1.71,0.0,Sedang,1,Baru_Baik,Baru_Sedang
Bekasi,-6.2383,106.9756,2026-04-23T10:39:40.032091,2,51.04,53.33,1.59,116.12,379.29,4.08,0.0,Sedang,3,Baru_Sedang,Baru_Sedang
Jakarta,-6.2088,106.8456,2026-04-23T10:39:42.586121,2,51.04,53.33,1.59,116.12,379.29,4.08,0.0,Sedang,3,Baru_Sedang,Baru_Sedang
Surabaya,-7.2575,112.7521,2026-04-23T10:39:42.591922,2,62.69,74.61,24.66,70.82,1026.47,6.99,3.84,Sedang,2,Baru_TidakSehat,Baru_Sedang
Bandung,-6.9175,107.6191,2026-04-23T10:39:42.597756,1,6.34,7.94,0.99,41.07,139.05,0.43,0.47,Baik,1,Baru_Baik,Baru_Baik
Medan,3.5952,98.6722,2026-04-23T10:39:42.605117,1,1.21,2.1,0.32,7.85,103.69,0.07,1.32,Baik,1,Baru_Baik,Baru_Baik
Semarang,-6.9932,110.4203,2026-04-23T10:39:42.612026,3,107.91,119.0,9.48,110.83,787.02,5.16,2.97,Tidak Sehat,0,Baru_Berbahaya,Baru_TidakSehat
Makassar,-5.1477,119.4327,2026-04-23T10:39:42.618385,1,6.61,7.76,0.41,52.21,144.59,0.15,0.13,Baik,1,Baru_Baik,Baru_Baik
Palembang,-2.9761,104.7754,2026-04-23T10:39:42.625203,1,7.34,9.27,2.28,17.87,246.78,0.54,0.53,Baik,1,Baru_Baik,Baru_Baik
Tangerang,-6.1702,106.6402,2026-04-23T10:39:42.634414,2,63.4,66.11,1.94,139.0,455.0,4.95,0.0,Sedang,3,Baru_Sedang,Baru_Sedang
Depok,-6.4025,106.7942,2026-04-23T10:39:42.641254,2,22.73,24.74,0.74,68.3,193.36,1.71,0.0,Sedang,1,Baru_Baik,Baru_Sedang
Bekasi,-6.2383,106.9756,2026-04-23T10:39:42.647086,2,51.04,53.33,1.59,116.12,379.29,4.08,0.0,Sedang,3,Baru_Sedang,Baru_Sedang
Jakarta,-6.2088,106.8456,2026-04-23T10:39:45.167083,2,51.04,53.33,1.59,116.12,379.29,4.08,0.0,Sedang,3,Baru_Sedang,Baru_Sedang
Surabaya,-7.2575,112.7521,2026-04-23T10:39:45.172734,2,62.69,74.61,24.66,70.82,1026.47,6.99,3.84,Sedang,2,Baru_TidakSehat,Baru_Sedang
Bandung,-6.9175,107.6191,2026-04-23T10:39:45.180312,1,6.34,7.94,0.99,41.07,139.05,0.43,0.47,Baik,1,Baru_Baik,Baru_Baik
Medan,3.5952,98.6722,2026-04-23T10:39:45.187706,1,1.21,2.1,0.32,7.85,103.69,0.07,1.32,Baik,1,Baru_Baik,Baru_Baik
Semarang,-6.9932,110.4203,2026-04-23T10:39:45.193339,3,107.91,119.0,9.48,110.83,787.02,5.16,2.97,Tidak Sehat,0,Baru_Berbahaya,Baru_TidakSehat
Makassar,-5.1477,119.4327,2026-04-23T10:39:45.199221,1,6.61,7.76,0.41,52.21,144.59,0.15,0.13,Baik,1,Baru_Baik,Baru_Baik
Palembang,-2.9761,104.7754,2026-04-23T10:39:45.204359,1,7.34,9.27,2.28,17.87,246.78,0.54,0.53,Baik,1,Baru_Baik,Baru_Baik
Tangerang,-6.1702,106.6402,2026-04-23T10:39:45.211008,2,63.4,66.11,1.94,139.0,455.0,4.95,0.0,Sedang,3,Baru_Sedang,Baru_Sedang
Depok,-6.4025,106.7942,2026-04-23T10:39:45.217947,2,22.73,24.74,0.74,68.3,193.36,1.71,0.0,Sedang,1,Baru_Baik,Baru_Sedang
Bekasi,-6.2383,106.9756,2026-04-23T10:39:45.224462,2,51.04,53.33,1.59,116.12,379.29,4.08,0.0,Sedang,3,Baru_Sedang,Baru_Sedang
Jakarta,-6.2088,106.8456,2026-04-23T10:39:47.744564,2,51.04,53.33,1.59,116.12,379.29,4.08,0.0,Sedang,3,Baru_Sedang,Baru_Sedang
Surabaya,-7.2575,112.7521,2026-04-23T10:39:47.750514,2,62.69,74.61,24.66,70.82,1026.47,6.99,3.84,Sedang,2,Baru_TidakSehat,Baru_Sedang
Bandung,-6.9175,107.6191,2026-04-23T10:39:47.757535,1,6.34,7.94,0.99,41.07,139.05,0.43,0.47,Baik,1,Baru_Baik,Baru_Baik
Medan,3.5952,98.6722,2026-04-23T10:39:47.764607,1,1.21,2.1,0.32,7.85,103.69,0.07,1.32,Baik,1,Baru_Baik,Baru_Baik
Semarang,-6.9932,110.4203,2026-04-23T10:39:47.771450,3,107.91,119.0,9.48,110.83,787.02,5.16,2.97,Tidak Sehat,0,Baru_Berbahaya,Baru_TidakSehat
Makassar,-5.1477,119.4327,2026-04-23T10:39:47.778614,1,6.61,7.76,0.41,52.21,144.59,0.15,0.13,Baik,1,Baru_Baik,Baru_Baik
Palembang,-2.9761,104.7754,2026-04-23T10:39:47.784500,1,7.34,9.27,2.28,17.87,246.78,0.54,0.53,Baik,1,Baru_Baik,Baru_Baik
Tangerang,-6.1702,106.6402,2026-04-23T10:39:47.790362,2,63.4,66.11,1.94,139.0,455.0,4.95,0.0,Sedang,3,Baru_Sedang,Baru_Sedang
Depok,-6.4025,106.7942,2026-04-23T10:39:47.799593,2,22.73,24.74,0.74,68.3,193.36,1.71,0.0,Sedang,1,Baru_Baik,Baru_Sedang
Bekasi,-6.2383,106.9756,2026-04-23T10:39:47.805213,2,51.04,53.33,1.59,116.12,379.29,4.08,0.0,Sedang,3,Baru_Sedang,Baru_Sedang
Jakarta,-6.2088,106.8456,2026-04-23T10:42:11.485245,2,51.04,53.33,1.59,116.12,379.29,4.08,0.0,Sedang,3,Baru_Sedang,Baru_Sedang
Surabaya,-7.2575,112.7521,2026-04-23T10:42:11.491285,2,62.69,74.61,24.66,70.82,1026.47,6.99,3.84,Sedang,2,Baru_TidakSehat,Baru_Sedang
Bandung,-6.9175,107.6191,2026-04-23T10:42:11.501852,1,6.34,7.94,0.99,41.07,139.05,0.43,0.47,Baik,1,Baru_Baik,Baru_Baik
Medan,3.5952,98.6722,2026-04-23T10:42:11.512131,1,1.21,2.1,0.32,7.85,103.69,0.07,1.32,Baik,1,Baru_Baik,Baru_Baik
Semarang,-6.9932,110.4203,2026-04-23T10:42:11.517321,3,107.91,119.0,9.48,110.83,787.02,5.16,2.97,Tidak Sehat,0,Baru_Berbahaya,Baru_TidakSehat
Makassar,-5.1477,119.4327,2026-04-23T10:42:11.525514,1,6.61,7.76,0.41,52.21,144.59,0.15,0.13,Baik,1,Baru_Baik,Baru_Baik
Palembang,-2.9761,104.7754,2026-04-23T10:42:11.530868,1,7.34,9.27,2.28,17.87,246.78,0.54,0.53,Baik,1,Baru_Baik,Baru_Baik
Tangerang,-6.1702,106.6402,2026-04-23T10:42:11.537395,2,63.4,66.11,1.94,139.0,455.0,4.95,0.0,Sedang,3,Baru_Sedang,Baru_Sedang
Depok,-6.4025,106.7942,2026-04-23T10:42:11.543606,2,22.73,24.74,0.74,68.3,193.36,1.71,0.0,Sedang,1,Baru_Baik,Baru_Sedang
Bekasi,-6.2383,106.9756,2026-04-23T10:42:11.548489,2,51.04,53.33,1.59,116.12,379.29,4.08,0.0,Sedang,3,Baru_Sedang,Baru_Sedang
Jakarta,-6.2088,106.8456,2026-04-23T10:42:14.069301,2,51.04,53.33,1.59,116.12,379.29,4.08,0.0,Sedang,3,Baru_Sedang,Baru_Sedang
Surabaya,-7.2575,112.7521,2026-04-23T10:42:14.075161,2,62.69,74.61,24.66,70.82,1026.47,6.99,3.84,Sedang,2,Baru_TidakSehat,Baru_Sedang
Bandung,-6.9175,107.6191,2026-04-23T10:42:14.081223,1,6.34,7.94,0.99,41.07,139.05,0.43,0.47,Baik,1,Baru_Baik,Baru_Baik
Medan,3.5952,98.6722,2026-04-23T10:42:14.088602,1,1.21,2.1,0.32,7.85,103.69,0.07,1.32,Baik,1,Baru_Baik,Baru_Baik
Semarang,-6.9932,110.4203,2026-04-23T10:42:14.095585,3,107.91,119.0,9.48,110.83,787.02,5.16,2.97,Tidak Sehat,0,Baru_Berbahaya,Baru_TidakSehat
Makassar,-5.1477,119.4327,2026-04-23T10:42:14.101698,1,6.61,7.76,0.41,52.21,144.59,0.15,0.13,Baik,1,Baru_Baik,Baru_Baik
Palembang,-2.9761,104.7754,2026-04-23T10:42:14.108845,1,7.34,9.27,2.28,17.87,246.78,0.54,0.53,Baik,1,Baru_Baik,Baru_Baik
Tangerang,-6.1702,106.6402,2026-04-23T10:42:14.115688,2,63.4,66.11,1.94,139.0,455.0,4.95,0.0,Sedang,3,Baru_Sedang,Baru_Sedang
Depok,-6.4025,106.7942,2026-04-23T10:42:14.122228,2,22.73,24.74,0.74,68.3,193.36,1.71,0.0,Sedang,1,Baru_Baik,Baru_Sedang
Bekasi,-6.2383,106.9756,2026-04-23T10:42:14.127497,2,51.04,53.33,1.59,116.12,379.29,4.08,0.0,Sedang,3,Baru_Sedang,Baru_Sedang
Jakarta,-6.2088,106.8456,2026-04-23T10:42:16.651977,2,51.04,53.33,1.59,116.12,379.29,4.08,0.0,Sedang,3,Baru_Sedang,Baru_Sedang
Surabaya,-7.2575,112.7521,2026-04-23T10:42:16.658774,2,62.69,74.61,24.66,70.82,1026.47,6.99,3.84,Sedang,2,Baru_TidakSehat,Baru_Sedang
Bandung,-6.9175,107.6191,2026-04-23T10:42:16.666283,1,6.34,7.94,0.99,41.07,139.05,0.43,0.47,Baik,1,Baru_Baik,Baru_Baik
Medan,3.5952,98.6722,2026-04-23T10:42:16.672219,1,1.21,2.1,0.32,7.85,103.69,0.07,1.32,Baik,1,Baru_Baik,Baru_Baik
Semarang,-6.9932,110.4203,2026-04-23T10:42:16.678700,3,107.91,119.0,9.48,110.83,787.02,5.16,2.97,Tidak Sehat,0,Baru_Berbahaya,Baru_TidakSehat
Makassar,-5.1477,119.4327,2026-04-23T10:42:16.685896,1,6.61,7.76,0.41,52.21,144.59,0.15,0.13,Baik,1,Baru_Baik,Baru_Baik
Palembang,-2.9761,104.7754,2026-04-23T10:42:16.691794,1,7.34,9.27,2.28,17.87,246.78,0.54,0.53,Baik,1,Baru_Baik,Baru_Baik
Tangerang,-6.1702,106.6402,2026-04-23T10:42:16.698445,2,63.4,66.11,1.94,139.0,455.0,4.95,0.0,Sedang,3,Baru_Sedang,Baru_Sedang
Depok,-6.4025,106.7942,2026-04-23T10:42:16.705850,2,22.73,24.74,0.74,68.3,193.36,1.71,0.0,Sedang,1,Baru_Baik,Baru_Sedang
Bekasi,-6.2383,106.9756,2026-04-23T10:42:16.712812,2,51.04,53.33,1.59,116.12,379.29,4.08,0.0,Sedang,3,Baru_Sedang,Baru_Sedang
Jakarta,-6.2088,106.8456,2026-04-23T10:42:19.233019,2,51.04,53.33,1.59,116.12,379.29,4.08,0.0,Sedang,3,Baru_Sedang,Baru_Sedang
Surabaya,-7.2575,112.7521,2026-04-23T10:42:19.239078,2,62.69,74.61,24.66,70.82,1026.47,6.99,3.84,Sedang,2,Baru_TidakSehat,Baru_Sedang
Bandung,-6.9175,107.6191,2026-04-23T10:42:19.247086,1,6.34,7.94,0.99,41.07,139.05,0.43,0.47,Baik,1,Baru_Baik,Baru_Baik
Medan,3.5952,98.6722,2026-04-23T10:42:19.254536,1,1.21,2.1,0.32,7.85,103.69,0.07,1.32,Baik,1,Baru_Baik,Baru_Baik
Semarang,-6.9932,110.4203,2026-04-23T10:42:19.259904,3,107.91,119.0,9.48,110.83,787.02,5.16,2.97,Tidak Sehat,0,Baru_Berbahaya,Baru_TidakSehat
Makassar,-5.1477,119.4327,2026-04-23T10:42:19.266500,1,6.61,7.76,0.41,52.21,144.59,0.15,0.13,Baik,1,Baru_Baik,Baru_Baik
Palembang,-2.9761,104.7754,2026-04-23T10:42:19.273635,1,7.34,9.27,2.28,17.87,246.78,0.54,0.53,Baik,1,Baru_Baik,Baru_Baik
Tangerang,-6.1702,106.6402,2026-04-23T10:42:19.280817,2,63.4,66.11,1.94,139.0,455.0,4.95,0.0,Sedang,3,Baru_Sedang,Baru_Sedang
Depok,-6.4025,106.7942,2026-04-23T10:42:19.286432,2,22.73,24.74,0.74,68.3,193.36,1.71,0.0,Sedang,1,Baru_Baik,Baru_Sedang
Bekasi,-6.2383,106.9756,2026-04-23T10:42:19.292302,2,51.04,53.33,1.59,116.12,379.29,4.08,0.0,Sedang,3,Baru_Sedang,Baru_Sedang
Jakarta,-6.2088,106.8456,2026-04-23T10:42:21.806147,2,51.04,53.33,1.59,116.12,379.29,4.08,0.0,Sedang,3,Baru_Sedang,Baru_Sedang
Surabaya,-7.2575,112.7521,2026-04-23T10:42:21.812551,2,62.69,74.61,24.66,70.82,1026.47,6.99,3.84,Sedang,2,Baru_TidakSehat,Baru_Sedang
Bandung,-6.9175,107.6191,2026-04-23T10:42:21.821499,1,6.34,7.94,0.99,41.07,139.05,0.43,0.47,Baik,1,Baru_Baik,Baru_Baik
Medan,3.5952,98.6722,2026-04-23T10:42:21.827352,1,1.21,2.1,0.32,7.85,103.69,0.07,1.32,Baik,1,Baru_Baik,Baru_Baik
Semarang,-6.9932,110.4203,2026-04-23T10:42:21.835327,3,107.91,119.0,9.48,110.83,787.02,5.16,2.97,Tidak Sehat,0,Baru_Berbahaya,Baru_TidakSehat
Makassar,-5.1477,119.4327,2026-04-23T10:42:21.841093,1,6.61,7.76,0.41,52.21,144.59,0.15,0.13,Baik,1,Baru_Baik,Baru_Baik
Palembang,-2.9761,104.7754,2026-04-23T10:42:21.848208,1,7.34,9.27,2.28,17.87,246.78,0.54,0.53,Baik,1,Baru_Baik,Baru_Baik
Tangerang,-6.1702,106.6402,2026-04-23T10:42:21.854839,2,63.4,66.11,1.94,139.0,455.0,4.95,0.0,Sedang,3,Baru_Sedang,Baru_Sedang
Depok,-6.4025,106.7942,2026-04-23T10:42:21.861257,2,22.73,24.74,0.74,68.3,193.36,1.71,0.0,Sedang,1,Baru_Baik,Baru_Sedang
Bekasi,-6.2383,106.9756,2026-04-23T10:42:21.866935,2,51.04,53.33,1.59,116.12,379.29,4.08,0.0,Sedang,3,Baru_Sedang,Baru_Sedang
Jakarta,-6.2088,106.8456,2026-04-23T10:42:24.388516,2,51.04,53.33,1.59,116.12,379.29,4.08,0.0,Sedang,3,Baru_Sedang,Baru_Sedang
Surabaya,-7.2575,112.7521,2026-04-23T10:42:24.395513,2,62.69,74.61,24.66,70.82,1026.47,6.99,3.84,Sedang,2,Baru_TidakSehat,Baru_Sedang
Bandung,-6.9175,107.6191,2026-04-23T10:42:24.402634,1,6.34,7.94,0.99,41.07,139.05,0.43,0.47,Baik,1,Baru_Baik,Baru_Baik
Medan,3.5952,98.6722,2026-04-23T10:42:24.409757,1,1.21,2.1,0.32,7.85,103.69,0.07,1.32,Baik,1,Baru_Baik,Baru_Baik
Semarang,-6.9932,110.4203,2026-04-23T10:42:24.416096,3,107.91,119.0,9.48,110.83,787.02,5.16,2.97,Tidak Sehat,0,Baru_Berbahaya,Baru_TidakSehat
Makassar,-5.1477,119.4327,2026-04-23T10:42:24.423138,1,6.61,7.76,0.41,52.21,144.59,0.15,0.13,Baik,1,Baru_Baik,Baru_Baik
Palembang,-2.9761,104.7754,2026-04-23T10:42:24.432024,1,7.34,9.27,2.28,17.87,246.78,0.54,0.53,Baik,1,Baru_Baik,Baru_Baik
Tangerang,-6.1702,106.6402,2026-04-23T10:42:24.437679,2,63.4,66.11,1.94,139.0,455.0,4.95,0.0,Sedang,3,Baru_Sedang,Baru_Sedang
Depok,-6.4025,106.7942,2026-04-23T10:42:24.444285,2,22.73,24.74,0.74,68.3,193.36,1.71,0.0,Sedang,1,Baru_Baik,Baru_Sedang
Bekasi,-6.2383,106.9756,2026-04-23T10:42:24.450673,2,51.04,53.33,1.59,116.12,379.29,4.08,0.0,Sedang,3,Baru_Sedang,Baru_Sedang
Jakarta,-6.2088,106.8456,2026-04-23T10:42:26.979263,2,51.04,53.33,1.59,116.12,379.29,4.08,0.0,Sedang,3,Baru_Sedang,Baru_Sedang
Surabaya,-7.2575,112.7521,2026-04-23T10:42:26.985449,2,62.69,74.61,24.66,70.82,1026.47,6.99,3.84,Sedang,2,Baru_TidakSehat,Baru_Sedang
Bandung,-6.9175,107.6191,2026-04-23T10:42:26.992913,1,6.34,7.94,0.99,41.07,139.05,0.43,0.47,Baik,1,Baru_Baik,Baru_Baik
Medan,3.5952,98.6722,2026-04-23T10:42:27.000348,1,1.21,2.1,0.32,7.85,103.69,0.07,1.32,Baik,1,Baru_Baik,Baru_Baik
Semarang,-6.9932,110.4203,2026-04-23T10:42:27.005997,3,107.91,119.0,9.48,110.83,787.02,5.16,2.97,Tidak Sehat,0,Baru_Berbahaya,Baru_TidakSehat
Makassar,-5.1477,119.4327,2026-04-23T10:42:27.012376,1,6.61,7.76,0.41,52.21,144.59,0.15,0.13,Baik,1,Baru_Baik,Baru_Baik
Palembang,-2.9761,104.7754,2026-04-23T10:42:27.018598,1,7.34,9.27,2.28,17.87,246.78,0.54,0.53,Baik,1,Baru_Baik,Baru_Baik
Tangerang,-6.1702,106.6402,2026-04-23T10:42:27.026480,2,63.4,66.11,1.94,139.0,455.0,4.95,0.0,Sedang,3,Baru_Sedang,Baru_Sedang
Depok,-6.4025,106.7942,2026-04-23T10:42:27.034879,2,22.73,24.74,0.74,68.3,193.36,1.71,0.0,Sedang,1,Baru_Baik,Baru_Sedang
Bekasi,-6.2383,106.9756,2026-04-23T10:42:27.043084,2,51.04,53.33,1.59,116.12,379.29,4.08,0.0,Sedang,3,Baru_Sedang,Baru_Sedang
Jakarta,-6.2088,106.8456,2026-04-23T10:42:29.569471,2,51.04,53.33,1.59,116.12,379.29,4.08,0.0,Sedang,3,Baru_Sedang,Baru_Sedang
Surabaya,-7.2575,112.7521,2026-04-23T10:42:29.575763,2,62.69,74.61,24.66,70.82,1026.47,6.99,3.84,Sedang,2,Baru_TidakSehat,Baru_Sedang
Bandung,-6.9175,107.6191,2026-04-23T10:42:29.583362,1,6.34,7.94,0.99,41.07,139.05,0.43,0.47,Baik,1,Baru_Baik,Baru_Baik
Medan,3.5952,98.6722,2026-04-23T10:42:29.589481,1,1.21,2.1,0.32,7.85,103.69,0.07,1.32,Baik,1,Baru_Baik,Baru_Baik
Semarang,-6.9932,110.4203,2026-04-23T10:42:29.596468,3,107.91,119.0,9.48,110.83,787.02,5.16,2.97,Tidak Sehat,0,Baru_Berbahaya,Baru_TidakSehat
Makassar,-5.1477,119.4327,2026-04-23T10:42:29.603460,1,6.61,7.76,0.41,52.21,144.59,0.15,0.13,Baik,1,Baru_Baik,Baru_Baik
Palembang,-2.9761,104.7754,2026-04-23T10:42:29.610767,1,7.34,9.27,2.28,17.87,246.78,0.54,0.53,Baik,1,Baru_Baik,Baru_Baik
Tangerang,-6.1702,106.6402,2026-04-23T10:42:29.617972,2,63.4,66.11,1.94,139.0,455.0,4.95,0.0,Sedang,3,Baru_Sedang,Baru_Sedang
Depok,-6.4025,106.7942,2026-04-23T10:42:29.623548,2,22.73,24.74,0.74,68.3,193.36,1.71,0.0,Sedang,1,Baru_Baik,Baru_Sedang
Bekasi,-6.2383,106.9756,2026-04-23T10:42:29.628923,2,51.04,53.33,1.59,116.12,379.29,4.08,0.0,Sedang,3,Baru_Sedang,Baru_Sedang
Jakarta,-6.2088,106.8456,2026-04-23T10:42:32.161920,2,51.04,53.33,1.59,116.12,379.29,4.08,0.0,Sedang,3,Baru_Sedang,Baru_Sedang
Surabaya,-7.2575,112.7521,2026-04-23T10:42:32.169078,2,62.69,74.61,24.66,70.82,1026.47,6.99,3.84,Sedang,2,Baru_TidakSehat,Baru_Sedang
Bandung,-6.9175,107.6191,2026-04-23T10:42:32.176644,1,6.34,7.94,0.99,41.07,139.05,0.43,0.47,Baik,1,Baru_Baik,Baru_Baik
Medan,3.5952,98.6722,2026-04-23T10:42:32.182695,1,1.21,2.1,0.32,7.85,103.69,0.07,1.32,Baik,1,Baru_Baik,Baru_Baik
Semarang,-6.9932,110.4203,2026-04-23T10:42:32.189178,3,107.91,119.0,9.48,110.83,787.02,5.16,2.97,Tidak Sehat,0,Baru_Berbahaya,Baru_TidakSehat
Makassar,-5.1477,119.4327,2026-04-23T10:42:32.195756,1,6.61,7.76,0.41,52.21,144.59,0.15,0.13,Baik,1,Baru_Baik,Baru_Baik
Palembang,-2.9761,104.7754,2026-04-23T10:42:32.201480,1,7.34,9.27,2.28,17.87,246.78,0.54,0.53,Baik,1,Baru_Baik,Baru_Baik
Tangerang,-6.1702,106.6402,2026-04-23T10:42:32.208600,2,63.4,66.11,1.94,139.0,455.0,4.95,0.0,Sedang,3,Baru_Sedang,Baru_Sedang
Depok,-6.4025,106.7942,2026-04-23T10:42:32.215609,2,22.73,24.74,0.74,68.3,193.36,1.71,0.0,Sedang,1,Baru_Baik,Baru_Sedang
Bekasi,-6.2383,106.9756,2026-04-23T10:42:32.222427,2,51.04,53.33,1.59,116.12,379.29,4.08,0.0,Sedang,3,Baru_Sedang,Baru_Sedang
Jakarta,-6.2088,106.8456,2026-04-23T10:42:34.752830,2,51.04,53.33,1.59,116.12,379.29,4.08,0.0,Sedang,3,Baru_Sedang,Baru_Sedang
Surabaya,-7.2575,112.7521,2026-04-23T10:42:34.759071,2,62.69,74.61,24.66,70.82,1026.47,6.99,3.84,Sedang,2,Baru_TidakSehat,Baru_Sedang
Bandung,-6.9175,107.6191,2026-04-23T10:42:34.766746,1,6.34,7.94,0.99,41.07,139.05,0.43,0.47,Baik,1,Baru_Baik,Baru_Baik
Medan,3.5952,98.6722,2026-04-23T10:42:34.774961,1,1.21,2.1,0.32,7.85,103.69,0.07,1.32,Baik,1,Baru_Baik,Baru_Baik
Semarang,-6.9932,110.4203,2026-04-23T10:42:34.779977,3,107.91,119.0,9.48,110.83,787.02,5.16,2.97,Tidak Sehat,0,Baru_Berbahaya,Baru_TidakSehat
Makassar,-5.1477,119.4327,2026-04-23T10:42:34.786016,1,6.61,7.76,0.41,52.21,144.59,0.15,0.13,Baik,1,Baru_Baik,Baru_Baik
Palembang,-2.9761,104.7754,2026-04-23T10:42:34.792091,1,7.34,9.27,2.28,17.87,246.78,0.54,0.53,Baik,1,Baru_Baik,Baru_Baik
Tangerang,-6.1702,106.6402,2026-04-23T10:42:34.799627,2,63.4,66.11,1.94,139.0,455.0,4.95,0.0,Sedang,3,Baru_Sedang,Baru_Sedang
Depok,-6.4025,106.7942,2026-04-23T10:42:34.806167,2,22.73,24.74,0.74,68.3,193.36,1.71,0.0,Sedang,1,Baru_Baik,Baru_Sedang
Bekasi,-6.2383,106.9756,2026-04-23T10:42:34.810936,2,51.04,53.33,1.59,116.12,379.29,4.08,0.0,Sedang,3,Baru_Sedang,Baru_Sedang
Jakarta,-6.2088,106.8456,2026-04-23T10:42:37.333998,2,51.04,53.33,1.59,116.12,379.29,4.08,0.0,Sedang,3,Baru_Sedang,Baru_Sedang
Surabaya,-7.2575,112.7521,2026-04-23T10:42:37.340334,2,62.69,74.61,24.66,70.82,1026.47,6.99,3.84,Sedang,2,Baru_TidakSehat,Baru_Sedang
Bandung,-6.9175,107.6191,2026-04-23T10:42:37.346692,1,6.34,7.94,0.99,41.07,139.05,0.43,0.47,Baik,1,Baru_Baik,Baru_Baik
Medan,3.5952,98.6722,2026-04-23T10:42:37.354638,1,1.21,2.1,0.32,7.85,103.69,0.07,1.32,Baik,1,Baru_Baik,Baru_Baik
Semarang,-6.9932,110.4203,2026-04-23T10:42:37.361661,3,107.91,119.0,9.48,110.83,787.02,5.16,2.97,Tidak Sehat,0,Baru_Berbahaya,Baru_TidakSehat
Makassar,-5.1477,119.4327,2026-04-23T10:42:37.368155,1,6.61,7.76,0.41,52.21,144.59,0.15,0.13,Baik,1,Baru_Baik,Baru_Baik
Palembang,-2.9761,104.7754,2026-04-23T10:42:37.375776,1,7.34,9.27,2.28,17.87,246.78,0.54,0.53,Baik,1,Baru_Baik,Baru_Baik
Tangerang,-6.1702,106.6402,2026-04-23T10:42:37.383286,2,63.4,66.11,1.94,139.0,455.0,4.95,0.0,Sedang,3,Baru_Sedang,Baru_Sedang
Depok,-6.4025,106.7942,2026-04-23T10:42:37.389152,2,22.73,24.74,0.74,68.3,193.36,1.71,0.0,Sedang,1,Baru_Baik,Baru_Sedang
Bekasi,-6.2383,106.9756,2026-04-23T10:42:37.397556,2,51.04,53.33,1.59,116.12,379.29,4.08,0.0,Sedang,3,Baru_Sedang,Baru_Sedang
Jakarta,-6.2088,106.8456,2026-04-23T10:42:39.935134,2,51.04,53.33,1.59,116.12,379.29,4.08,0.0,Sedang,3,Baru_Sedang,Baru_Sedang
Surabaya,-7.2575,112.7521,2026-04-23T10:42:39.941456,2,62.69,74.61,24.66,70.82,1026.47,6.99,3.84,Sedang,2,Baru_TidakSehat,Baru_Sedang
Bandung,-6.9175,107.6191,2026-04-23T10:42:39.948989,1,6.34,7.94,0.99,41.07,139.05,0.43,0.47,Baik,1,Baru_Baik,Baru_Baik
Medan,3.5952,98.6722,2026-04-23T10:42:39.955483,1,1.21,2.1,0.32,7.85,103.69,0.07,1.32,Baik,1,Baru_Baik,Baru_Baik
Semarang,-6.9932,110.4203,2026-04-23T10:42:39.962293,3,107.91,119.0,9.48,110.83,787.02,5.16,2.97,Tidak Sehat,0,Baru_Berbahaya,Baru_TidakSehat
Makassar,-5.1477,119.4327,2026-04-23T10:42:39.968829,1,6.61,7.76,0.41,52.21,144.59,0.15,0.13,Baik,1,Baru_Baik,Baru_Baik
Palembang,-2.9761,104.7754,2026-04-23T10:42:39.975202,1,7.34,9.27,2.28,17.87,246.78,0.54,0.53,Baik,1,Baru_Baik,Baru_Baik
Tangerang,-6.1702,106.6402,2026-04-23T10:42:39.981346,2,63.4,66.11,1.94,139.0,455.0,4.95,0.0,Sedang,3,Baru_Sedang,Baru_Sedang
Depok,-6.4025,106.7942,2026-04-23T10:42:39.988147,2,22.73,24.74,0.74,68.3,193.36,1.71,0.0,Sedang,1,Baru_Baik,Baru_Sedang
Bekasi,-6.2383,106.9756,2026-04-23T10:42:39.994571,2,51.04,53.33,1.59,116.12,379.29,4.08,0.0,Sedang,3,Baru_Sedang,Baru_Sedang
